Sample,Polymer Concentration (wt%),Polymer Concentration Corrected (wt%),Mixing Height and Lift Adjusted,Heated Container,Heated Block,Rest Time (days),Cast Position Adjusted,Fitting Success,Results,R Squared,Thickness,Date,Observations
10_1,10,,0,0,0,1,0,1,"{'estimates': {'const': {'estimate': 0.009660070318183224, 'se': 0.45384197439774926, 'confidence_interval': (-0.879891793544556, 0.8992119341809226), 't_stat': 0.02128509671456059, 'p_t': 0.9830183818885638}, 'beta1': {'estimate': 0.24045438128775562, 'se': 0.026900704684836484, 'confidence_interval': (0.18772772015560255, 0.2931810424199087), 't_stat': 8.938590423740687, 'p_t': '-'}, 'breakpoint1': {'estimate': 38.26806206555452, 'se': 2.162061480875816, 'confidence_interval': (34.03031869099975, 42.505805440109285), 't_stat': '-', 'p_t': '-'}, 'beta2': {'estimate': 0.7777092670984588, 'se': 0.08974665244356225, 'confidence_interval': (0.6018015581154965, 0.953616976081421), 't_stat': 8.665607528788064, 'p_t': '-'}, 'breakpoint2': {'estimate': 71.35557776097981, 'se': 0.8813045562627603, 'confidence_interval': (69.62817889776406, 73.08297662419557), 't_stat': '-', 'p_t': '-'}, 'beta3': {'estimate': 2.9147697122256035, 'se': 0.15653238498066147, 'confidence_interval': (2.6079587897691594, 3.2215806346820477), 't_stat': 18.620873326536895, 'p_t': '-'}, 'breakpoint3': {'estimate': 83.16475800691654, 'se': 0.30611768205934003, 'confidence_interval': (82.5647527848377, 83.76476322899539), 't_stat': '-', 'p_t': '-'}, 'beta4': {'estimate': -5.4313602587732115, 'se': 0.1359005843182835, 'confidence_interval': (-5.697731870259317, -5.164988647287106), 't_stat': -39.965687314874174, 'p_t': '-'}, 'breakpoint4': {'estimate': 91.75054584384321, 'se': 0.14844907377405087, 'confidence_interval': (91.45957859595998, 92.04151309172644), 't_stat': '-', 'p_t': '-'}, 'beta5': {'estimate': 6.906177704679779, 'se': 0.07438180475506741, 'confidence_interval': (6.760385828233913, 7.051969581125645), 't_stat': 92.84767595275754, 'p_t': '-'}, 'breakpoint5': {'estimate': 114.93778353271567, 'se': 0.1312598928000685, 'confidence_interval': (114.68050789741184, 115.1950591680195), 't_stat': '-', 'p_t': '-'}, 'alpha1': {'estimate': 0.15208775906852737, 'se': 0.019073388327105652, 'confidence_interval': (0.1147030104254129, 0.18947250771164184), 't_stat': 7.973819672742247, 'p_t': 1.5959030512540486e-15}, 'alpha2': {'estimate': 0.392542140356283, 'se': 0.018969812077725374, 'confidence_interval': (0.35536040609016706, 0.4297238746223989), 't_stat': 20.692990460206595, 'p_t': 1.997332366112532e-94}, 'alpha3': {'estimate': 1.1702514074547419, 'se': 0.0877189138929646, 'confidence_interval': (0.9983181625118326, 1.3421846523976513), 't_stat': 13.34092449984838, 'p_t': 1.7720024348448314e-40}, 'alpha4': {'estimate': 4.085021119680345, 'se': 0.12964482131258726, 'confidence_interval': (3.8309111013379433, 4.339131138022746), 't_stat': 31.509327394041687, 'p_t': 3.1921381853919697e-214}, 'alpha5': {'estimate': -1.3463391390928665, 'se': 0.04075768792360768, 'confidence_interval': (-1.4262261466956627, -1.2664521314900703), 't_stat': -33.032765293662294, 'p_t': 7.75038474183941e-235}, 'alpha6': {'estimate': 5.5598385655869125, 'se': 0.06222108769334354, 'confidence_interval': (5.437882273195427, 5.681794857978398), 't_stat': 89.3561776513545, 'p_t': 0.0}}, 'bic': 159715.94350254434, 'rss': 7842569.48316762, 'converged': True}",0.7522,0,2023-12-13,"Some volume loss, some sticky portions (not enough immersion time), wrinkles found "
12_1_1,12,,0,0,0,1,0,1,"{'estimates': {'const': {'estimate': 0.23944002214408047, 'se': 0.594435530751805, 'confidence_interval': (-0.9256852971037475, 1.4045653413919084), 't_stat': 0.4028023389538167, 'p_t': 0.6870968818345409}, 'beta1': {'estimate': 0.3235124442469773, 'se': 0.07063676727184072, 'confidence_interval': (0.18506061598201948, 0.46196427251193506), 't_stat': 4.579944082123152, 'p_t': '-'}, 'breakpoint1': {'estimate': 13.59313341736374, 'se': 1.608501747185151, 'confidence_interval': (10.440384271750698, 16.74588256297678), 't_stat': '-', 'p_t': '-'}, 'beta2': {'estimate': 4.844546970363696, 'se': 0.06830854156397755, 'confidence_interval': (4.710658588563192, 4.9784353521642), 't_stat': 70.92154010968467, 'p_t': '-'}, 'breakpoint2': {'estimate': 68.28886305849015, 'se': 0.0986727573018202, 'confidence_interval': (68.09545919565755, 68.48226692132275), 't_stat': '-', 'p_t': '-'}, 'beta3': {'estimate': -58.65256160252919, 'se': 2.818974699352302, 'confidence_interval': (-64.17790224355787, -53.12722096150051), 't_stat': -20.80634551846294, 'p_t': '-'}, 'breakpoint3': {'estimate': 79.01197473652412, 'se': 0.02934635018882542, 'confidence_interval': (78.95445432621273, 79.06949514683552), 't_stat': '-', 'p_t': '-'}, 'beta4': {'estimate': 56.11006390770706, 'se': 2.8195782967023795, 'confidence_interval': (50.583540183705, 61.63658763170912), 't_stat': 19.90016165656057, 'p_t': '-'}, 'breakpoint4': {'estimate': 80.0799415545529, 'se': 0.03419609800472934, 'confidence_interval': (80.012915380067, 80.1469677290388), 't_stat': '-', 'p_t': '-'}, 'beta5': {'estimate': 5.493821757156281, 'se': 0.1546159538227173, 'confidence_interval': (5.190766247788154, 5.796877266524408), 't_stat': 35.532049709795785, 'p_t': '-'}, 'breakpoint5': {'estimate': 91.60538095385743, 'se': 0.16162178470573316, 'confidence_interval': (91.28859364260013, 91.92216826511473), 't_stat': '-', 'p_t': '-'}, 'alpha1': {'estimate': 0.29555443161874123, 'se': 0.07033353389532562, 'confidence_interval': (0.1576969569318273, 0.4334119063056552), 't_stat': 4.202183727304279, 'p_t': 2.6521540511635072e-05}, 'alpha2': {'estimate': 0.6190668758657185, 'se': 0.006538111379540865, 'confidence_interval': (0.6062518291293113, 0.6318819226021257), 't_stat': 94.68588709010217, 'p_t': 0.0}, 'alpha3': {'estimate': 5.463613846229415, 'se': 0.06799492591500018, 'confidence_interval': (5.3303401678142786, 5.5968875246445515), 't_stat': 80.35325831606063, 'p_t': 0.0}, 'alpha4': {'estimate': -53.188947756299775, 'se': 2.818154546088309, 'confidence_interval': (-58.712680853222984, -47.665214659376566), 't_stat': -18.8736802352191, 'p_t': 6.173352409739162e-79}, 'alpha5': {'estimate': 2.9211161514072828, 'se': 0.08959199516089952, 'confidence_interval': (2.745511066307689, 3.0967212365068764), 't_stat': 32.60465565211724, 'p_t': 1.1345265921342847e-228}, 'alpha6': {'estimate': 8.414937908563564, 'se': 0.12601336270253652, 'confidence_interval': (8.167945002095482, 8.661930815031646), 't_stat': 66.77813946150792, 'p_t': 0.0}}, 'bic': 135944.34904080996, 'rss': 4405960.42455361, 'converged': True}",0.848445,0,2023-12-13,"Some volume loss, some sticky portions (not enough immersion time), wrinkles found "
12_1_2,12,,0,0,0,1,0,1,"{'estimates': {'const': {'estimate': -1.0977249093741466, 'se': 0.24147391803265406, 'confidence_interval': (-1.5710261865487543, -0.6244236321995389), 't_stat': -4.545935719756298, 'p_t': 5.492758328991991e-06}, 'beta1': {'estimate': -0.33628483325722525, 'se': 0.014369060697933181, 'confidence_interval': (-0.3644489299660531, -0.3081207365483974), 't_stat': -23.4033970853499, 'p_t': '-'}, 'breakpoint1': {'estimate': 42.9035376157359, 'se': 1.035191040465609, 'confidence_interval': (40.87451002731607, 44.93256520415573), 't_stat': '-', 'p_t': '-'}, 'beta2': {'estimate': 1.4161447598794057, 'se': 0.07750505725066754, 'confidence_interval': (1.264230868378828, 1.5680586513799835), 't_stat': 18.271643298053412, 'p_t': '-'}, 'breakpoint2': {'estimate': 83.48031000794053, 'se': 0.3678035453083728, 'confidence_interval': (82.75939617524966, 84.2012238406314), 't_stat': '-', 'p_t': '-'}, 'beta3': {'estimate': 4.118353195752325, 'se': 0.1451851710479133, 'confidence_interval': (3.833782806355244, 4.402923585149407), 't_stat': 28.3662109981825, 'p_t': '-'}, 'breakpoint3': {'estimate': 93.48538036312767, 'se': 0.1597068885041261, 'confidence_interval': (93.17234666193778, 93.79841406431757), 't_stat': '-', 'p_t': '-'}, 'beta4': {'estimate': -17.22862816940914, 'se': 0.604986741009474, 'confidence_interval': (-18.414433243209146, -16.042823095609137), 't_stat': -28.477695462650384, 'p_t': '-'}, 'breakpoint4': {'estimate': 100.50455616127394, 'se': 0.057581033113142714, 'confidence_interval': (100.39169438002848, 100.6174179425194), 't_stat': '-', 'p_t': '-'}, 'beta5': {'estimate': 17.31472765167042, 'se': 0.59840072785248, 'confidence_interval': (16.141831501799302, 18.487623801541538), 't_stat': 28.935004330307084, 'p_t': '-'}, 'breakpoint5': {'estimate': 103.30101004996052, 'se': 0.06802721435707952, 'confidence_interval': (103.1676732171458, 103.43434688277524), 't_stat': '-', 'p_t': '-'}, 'alpha1': {'estimate': 0.7067673189250574, 'se': 0.009829086410316117, 'confidence_interval': (0.687501804912761, 0.7260328329373538), 't_stat': 71.90569798870318, 'p_t': 0.0}, 'alpha2': {'estimate': 0.37048248566783215, 'se': 0.01048136277777978, 'confidence_interval': (0.3499384764859266, 0.3910264948497377), 't_stat': 35.34678586388074, 'p_t': 1.306343739903963e-267}, 'alpha3': {'estimate': 1.7866272455472378, 'se': 0.0767930656618801, 'confidence_interval': (1.6361088941159816, 1.937145596978494), 't_stat': 23.265476252943962, 'p_t': 1.434691742230921e-118}, 'alpha4': {'estimate': 5.904980441299563, 'se': 0.12321346906268812, 'confidence_interval': (5.663475715871626, 6.1464851667275004), 't_stat': 47.924796584497166, 'p_t': 0.0}, 'alpha5': {'estimate': -11.323647728109577, 'se': 0.5923068443288515, 'confidence_interval': (-12.48459955340028, -10.162695902818875), 't_stat': -19.117874183845554, 'p_t': 6.105588170780269e-81}, 'alpha6': {'estimate': 5.991079923560843, 'se': 0.08518235295867299, 'confidence_interval': (5.82411813830242, 6.158041708819266), 't_stat': 70.33240707106872, 'p_t': 0.0}}, 'bic': 134965.20071668003, 'rss': 3886190.5821502316, 'converged': True}",0.859813,0,2023-12-13,"Some volume loss, some sticky portions (not enough immersion time)"
15_1,15,,0,0,0,1,0,1,"{'estimates': {'const': {'estimate': -1.0726768280430357, 'se': 0.304619843044218, 'confidence_interval': (-1.6697478625077427, -0.47560579357832866), 't_stat': -3.5213622898733092, 'p_t': 0.0004300526373138075}, 'beta1': {'estimate': 0.7642019751007915, 'se': 0.035516699823887776, 'confidence_interval': (0.6945873613819376, 0.8338165888196454), 't_stat': 21.51669436885027, 'p_t': '-'}, 'breakpoint1': {'estimate': 16.180676544933185, 'se': 0.477092115009479, 'confidence_interval': (15.245550717945232, 17.115802371921138), 't_stat': '-', 'p_t': '-'}, 'beta2': {'estimate': -0.43905404437796597, 'se': 0.017443384029966376, 'confidence_interval': (-0.4732440014183724, -0.4048640873375595), 't_stat': -25.170233231333167, 'p_t': '-'}, 'breakpoint2': {'estimate': 41.62777879683891, 'se': 0.6572503703303527, 'confidence_interval': (40.33953324266307, 42.91602435101475), 't_stat': '-', 'p_t': '-'}, 'beta3': {'estimate': 1.525551627529503, 'se': 0.08002671284023938, 'confidence_interval': (1.3686950296702627, 1.6824082253887431), 't_stat': 19.063029998183538, 'p_t': '-'}, 'breakpoint3': {'estimate': 77.94605682645708, 'se': 0.2811100885748574, 'confidence_interval': (77.3950661565568, 78.49704749635737), 't_stat': '-', 'p_t': '-'}, 'beta4': {'estimate': -3.264900605576376, 'se': 0.09377489182517944, 'confidence_interval': (-3.448704362775307, -3.0810968483774452), 't_stat': -34.8163622695827, 'p_t': '-'}, 'breakpoint4': {'estimate': 86.33417657162893, 'se': 0.15795895126792311, 'confidence_interval': (86.02456865674726, 86.6437844865106), 't_stat': '-', 'p_t': '-'}, 'beta5': {'estimate': 1.8726522133301502, 'se': 0.05653760434101838, 'confidence_interval': (1.7618355128398016, 1.9834689138204988), 't_stat': 33.12224200436327, 'p_t': '-'}, 'breakpoint5': {'estimate': 100.25959506553447, 'se': 0.30558298786998234, 'confidence_interval': (99.6606362161733, 100.85855391489564), 't_stat': '-', 'p_t': '-'}, 'alpha1': {'estimate': 0.8129630931548955, 'se': 0.03218700292210979, 'confidence_interval': (0.7498748618073631, 0.8760513245024278), 't_stat': 25.257495863227994, 'p_t': 4.061012849057709e-139}, 'alpha2': {'estimate': 1.5771650682556868, 'se': 0.015014420044485414, 'confidence_interval': (1.5477360093399575, 1.6065941271714161), 't_stat': 105.04335589272111, 'p_t': 0.0}, 'alpha3': {'estimate': 1.1381110238777208, 'se': 0.008879123669858357, 'confidence_interval': (1.1207074709715077, 1.1555145767839339), 't_stat': 128.1783052241096, 'p_t': 0.0}, 'alpha4': {'estimate': 2.6636626514072237, 'se': 0.07953260922960774, 'confidence_interval': (2.5077745228078463, 2.819550780006601), 't_stat': 33.491453093376165, 'p_t': 6.339587985589918e-241}, 'alpha5': {'estimate': -0.6012379541691524, 'se': 0.04968193238949774, 'confidence_interval': (-0.6986171743458798, -0.503858733992425), 't_stat': -12.10174252997148, 'p_t': 1.2668526069837924e-33}, 'alpha6': {'estimate': 1.2714142591609978, 'se': 0.026985297824313748, 'confidence_interval': (1.2185216454484944, 1.3243068728735012), 't_stat': 47.11507234192738, 'p_t': 0.0}}, 'bic': 117281.50310459216, 'rss': 2158069.900308103, 'converged': True}",0.948122,0,2023-12-13,"Some volume loss, some sticky portions (not enough immersion time)"
10_1_H,10,,0,1,0,1,0,1,"{'estimates': {'const': {'estimate': 0.6752411306482471, 'se': 0.5494336769859917, 'confidence_interval': (-0.4016752054804129, 1.752157466776907), 't_stat': 1.2289765970524282, 'p_t': 0.2190908124095972}, 'beta1': {'estimate': -0.14547410401519842, 'se': 0.04682794725452728, 'confidence_interval': (-0.23725912466120702, -0.053689083369189816), 't_stat': -3.1065658980201, 'p_t': '-'}, 'breakpoint1': {'estimate': 20.792207774962474, 'se': 4.222765388788201, 'confidence_interval': (12.515385255143308, 29.06903029478164), 't_stat': '-', 'p_t': '-'}, 'beta2': {'estimate': 0.07123525631372793, 'se': 0.06229011709052951, 'confidence_interval': (-0.050856358168557575, 0.19332687079601343), 't_stat': 1.1436044695532996, 'p_t': '-'}, 'breakpoint2': {'estimate': 73.66439700089484, 'se': 9.292064371373526, 'confidence_interval': (55.4515055509476, 91.87728845084207), 't_stat': '-', 'p_t': '-'}, 'beta3': {'estimate': 0.2448822202921455, 'se': 0.14601247922415214, 'confidence_interval': (-0.04130923600467168, 0.5310736765889628), 't_stat': 1.6771321300298774, 'p_t': '-'}, 'breakpoint3': {'estimate': 89.96555466716671, 'se': 3.8256587402620315, 'confidence_interval': (82.46708020807998, 97.46402912625345), 't_stat': '-', 'p_t': '-'}, 'beta4': {'estimate': 0.4591594446016783, 'se': 0.23217818887338834, 'confidence_interval': (0.004079068272849207, 0.9142398209305074), 't_stat': 1.977616617778286, 'p_t': '-'}, 'breakpoint4': {'estimate': 99.49051920939498, 'se': 2.3715059902687483, 'confidence_interval': (94.84225382428554, 104.13878459450441), 't_stat': '-', 'p_t': '-'}, 'beta5': {'estimate': 2.1254630896737003, 'se': 0.1918093557417776, 'confidence_interval': (1.7495075607848143, 2.5014186185625866), 't_stat': 11.081123136324459, 'p_t': '-'}, 'breakpoint5': {'estimate': 106.82503787754426, 'se': 0.409404564670032, 'confidence_interval': (106.02258531184535, 107.62749044324318), 't_stat': '-', 'p_t': '-'}, 'alpha1': {'estimate': 0.22219717374695758, 'se': 0.04562904017759943, 'confidence_interval': (0.1327620684241715, 0.31163227906974367), 't_stat': 4.869643825119082, 'p_t': 1.1240311832858153e-06}, 'alpha2': {'estimate': 0.07672306973175916, 'se': 0.010528406173006788, 'confidence_interval': (0.0560868891042693, 0.09735925035924901), 't_stat': 7.287244476610837, 'p_t': 3.2464084472386133e-13}, 'alpha3': {'estimate': 0.1479583260454871, 'se': 0.06139390320388559, 'confidence_interval': (0.02762333372820369, 0.2682933183627705), 't_stat': 2.4099840264940653, 'p_t': 0.015959565197773612}, 'alpha4': {'estimate': 0.3928405463376326, 'se': 0.1324780462513525, 'confidence_interval': (0.1331772272467514, 0.6525038654285138), 't_stat': 2.9653256328395012, 'p_t': 0.0030261523292307874}, 'alpha5': {'estimate': 0.8519999909393109, 'se': 0.1906732247851053, 'confidence_interval': (0.47827133316967196, 1.2257286487089498), 't_stat': 4.468377727914035, 'p_t': 7.912075442673836e-06}, 'alpha6': {'estimate': 2.977463080613011, 'se': 0.020845870097561205, 'confidence_interval': (2.9366041762734945, 3.018321984952528), 't_stat': 142.83227644987338, 'p_t': 0.0}}, 'bic': 156961.9036913264, 'rss': 7249792.634136919, 'converged': True}",0.766467,0,2023-12-15,"Some volume loss, some sticky portions (not enough immersion time), wrinkles found "
12_1_H,12,,0,1,0,1,0,1,"{'estimates': {'const': {'estimate': 0.38717225911557374, 'se': 0.5001650453505102, 'confidence_interval': (-0.5931763534249022, 1.3675208716560496), 't_stat': 0.7740889986509306, 'p_t': 0.43888481571395954}, 'beta1': {'estimate': 0.1699511478872201, 'se': 0.07567576654080396, 'confidence_interval': (0.021622844218531, 0.3182794515559092), 't_stat': 2.24578032910421, 'p_t': '-'}, 'breakpoint1': {'estimate': 13.075130499591385, 'se': 3.4818867832725795, 'confidence_interval': (6.2504575066752635, 19.899803492507505), 't_stat': '-', 'p_t': '-'}, 'beta2': {'estimate': -0.3163904970723502, 'se': 0.04229534450750526, 'confidence_interval': (-0.39929149683293236, -0.233489497311768), 't_stat': -7.480504078083749, 'p_t': '-'}, 'breakpoint2': {'estimate': 29.382179607813498, 'se': 1.4315340448966645, 'confidence_interval': (26.5763009728213, 32.188058242805695), 't_stat': '-', 'p_t': '-'}, 'beta3': {'estimate': 0.5460295281344588, 'se': 0.07646947805233632, 'confidence_interval': (0.39614551003446064, 0.695913546234457), 't_stat': 7.14048980118253, 'p_t': '-'}, 'breakpoint3': {'estimate': 61.83302864957082, 'se': 0.9502040290524473, 'confidence_interval': (59.97058102318955, 63.69547627595209), 't_stat': '-', 'p_t': '-'}, 'beta4': {'estimate': 1.1865131587924331, 'se': 0.21129762096917792, 'confidence_interval': (0.7723592080598869, 1.6006671095249794), 't_stat': 5.6153644955875315, 'p_t': '-'}, 'breakpoint4': {'estimate': 72.21909381031175, 'se': 0.6462756674691628, 'confidence_interval': (70.95236103917605, 73.48582658144744), 't_stat': '-', 'p_t': '-'}, 'beta5': {'estimate': 1.4870863288476524, 'se': 0.19864950581572682, 'confidence_interval': (1.0977233191398803, 1.8764493385554244), 't_stat': 7.485980509949608, 'p_t': '-'}, 'breakpoint5': {'estimate': 77.68034560007347, 'se': 0.46444697891604375, 'confidence_interval': (76.77000619188897, 78.59068500825796), 't_stat': '-', 'p_t': '-'}, 'alpha1': {'estimate': 0.36186187518990776, 'se': 0.0642216114602808, 'confidence_interval': (0.2359842908295724, 0.4877394595502431), 't_stat': 5.634581053976025, 'p_t': 1.7719905507745875e-08}, 'alpha2': {'estimate': 0.5318130230771279, 'se': 0.04003006698699098, 'confidence_interval': (0.4533520810432887, 0.610273965110967), 't_stat': 13.285339323812702, 'p_t': 3.744762176994505e-40}, 'alpha3': {'estimate': 0.21542252600477768, 'se': 0.013656130638858158, 'confidence_interval': (0.18865582399525585, 0.2421892280142995), 't_stat': 15.774785091158881, 'p_t': 8.154565587498555e-56}, 'alpha4': {'estimate': 0.7614520541392364, 'se': 0.075240223082944, 'confidence_interval': (0.6139774375256171, 0.9089266707528558), 't_stat': 10.120279060042394, 'p_t': 4.9485834354313005e-24}, 'alpha5': {'estimate': 1.9479652129316696, 'se': 0.19744769803080328, 'confidence_interval': (1.5609578068500254, 2.3349726190133135), 't_stat': 9.86572764513959, 'p_t': 6.397724697274644e-23}, 'alpha6': {'estimate': 3.435051541779322, 'se': 0.021818173690049698, 'confidence_interval': (3.3922868254041143, 3.4778162581545295), 't_stat': 157.4399209841242, 'p_t': 0.0}}, 'bic': 138569.4700270397, 'rss': 4212576.6834156355, 'converged': True}",0.850577,0,2023-12-15,"Some volume loss, some sticky portions (not enough immersion time), wrinkles found "
15_1_H,15,,0,1,0,1,0,1,"{'estimates': {'const': {'estimate': -0.2198215754730665, 'se': 0.46590189087665185, 'confidence_interval': (-1.1330145971992263, 0.6933714462530933), 't_stat': -0.4718194533605457, 'p_t': 0.637059584936696}, 'beta1': {'estimate': 0.41074522109970046, 'se': 0.047222774554098394, 'confidence_interval': (0.3181860170402189, 0.5033044251591821), 't_stat': 8.69803235786476, 'p_t': '-'}, 'breakpoint1': {'estimate': 17.49505756745945, 'se': 1.2678161798644796, 'confidence_interval': (15.010068965877924, 19.98004616904098), 't_stat': '-', 'p_t': '-'}, 'beta2': {'estimate': 0.3155165185057168, 'se': 0.05491046554870374, 'confidence_interval': (0.20788902237244483, 0.4231440146389888), 't_stat': 5.746017910299162, 'p_t': '-'}, 'breakpoint2': {'estimate': 55.409199535977784, 'se': 1.6926248757270206, 'confidence_interval': (52.0915628077696, 58.72683626418597), 't_stat': '-', 'p_t': '-'}, 'beta3': {'estimate': 0.6823314996504662, 'se': 0.09497094784369038, 'confidence_interval': (0.49618328146146096, 0.8684797178394715), 't_stat': 7.184633986948237, 'p_t': '-'}, 'breakpoint3': {'estimate': 70.18656967730189, 'se': 0.993220248038345, 'confidence_interval': (68.23980402275795, 72.13333533184583), 't_stat': '-', 'p_t': '-'}, 'beta4': {'estimate': -1.513996702970167, 'se': 0.08381771853831002, 'confidence_interval': (-1.6782839856900749, -1.3497094202502593), 't_stat': -18.062967226651182, 'p_t': '-'}, 'breakpoint4': {'estimate': 81.17398768478621, 'se': 0.4220901401646636, 'confidence_interval': (80.34666807504495, 82.00130729452748), 't_stat': '-', 'p_t': '-'}, 'beta5': {'estimate': 4.604815518983522, 'se': 0.11772905751814984, 'confidence_interval': (4.374060169230209, 4.835570868736836), 't_stat': 39.11367011728277, 'p_t': '-'}, 'breakpoint5': {'estimate': 106.36660527602135, 'se': 0.1870028077678209, 'confidence_interval': (106.00006961166625, 106.73314094037644), 't_stat': '-', 'p_t': '-'}, 'alpha1': {'estimate': 0.5032771722623304, 'se': 0.04539946449952926, 'confidence_interval': (0.4142917549825992, 0.5922625895420616), 't_stat': 11.085531025757998, 'p_t': 1.705979365254855e-28}, 'alpha2': {'estimate': 0.9140223933620308, 'se': 0.012995347619174476, 'confidence_interval': (0.8885508059031216, 0.93949398082094), 't_stat': 70.33458589544784, 'p_t': 0.0}, 'alpha3': {'estimate': 1.2295389118677478, 'se': 0.0533505404567957, 'confidence_interval': (1.12496895367592, 1.3341088700595756), 't_stat': 23.046419049183807, 'p_t': 2.2848913279887972e-116}, 'alpha4': {'estimate': 1.9118704115182141, 'se': 0.0785697191499165, 'confidence_interval': (1.757869492758939, 2.0658713302774894), 't_stat': 24.333425551263993, 'p_t': 2.354452585992992e-129}, 'alpha5': {'estimate': 0.39787370854804704, 'se': 0.029192621904697087, 'confidence_interval': (0.34065458338180576, 0.4550928337142883), 't_stat': 13.629255701901489, 'p_t': 3.733911639001622e-42}, 'alpha6': {'estimate': 5.002689227531569, 'se': 0.11405227665610732, 'confidence_interval': (4.779140568052286, 5.226237887010852), 't_stat': 43.863124649548, 'p_t': 0.0}}, 'bic': 138225.3187029572, 'rss': 5042507.464151092, 'converged': True}",0.857936,0,2023-12-15,"Some volume loss, some sticky portions (not enough immersion time)"
17_1_H,17,,0,1,0,1,0,1,"{'estimates': {'const': {'estimate': 0.39133240833374194, 'se': 0.40466038683807953, 'confidence_interval': (-0.40182795460609133, 1.1844927712735753), 't_stat': 0.9670637924100274, 'p_t': 0.33352203004787284}, 'beta1': {'estimate': 0.438544066984975, 'se': 0.158827768712644, 'confidence_interval': (0.12723143354093963, 0.7498567004290104), 't_stat': 2.7611296849381683, 'p_t': '-'}, 'breakpoint1': {'estimate': 8.24854676180888, 'se': 1.160765439033027, 'confidence_interval': (5.9733719069006135, 10.523721616717147), 't_stat': '-', 'p_t': '-'}, 'beta2': {'estimate': 0.31763190489741694, 'se': 0.13776779243844017, 'confidence_interval': (0.04759817833050983, 0.587665631464324), 't_stat': 2.305559951825074, 'p_t': '-'}, 'breakpoint2': {'estimate': 13.16769730691204, 'se': 1.2668881135278784, 'confidence_interval': (10.684515190220171, 15.650879423603907), 't_stat': '-', 'p_t': '-'}, 'beta3': {'estimate': 1.3159801028169231, 'se': 0.04600673654785023, 'confidence_interval': (1.2258039426469098, 1.4061562629869364), 't_stat': 28.604074132669933, 'p_t': '-'}, 'breakpoint3': {'estimate': 65.39846198720187, 'se': 0.21465790353845565, 'confidence_interval': (64.97771870168084, 65.8192052727229), 't_stat': '-', 'p_t': '-'}, 'beta4': {'estimate': 1.95297323629265, 'se': 0.08212045216519495, 'confidence_interval': (1.7920118727327614, 2.1139345998525383), 't_stat': 23.78181299299247, 'p_t': '-'}, 'breakpoint4': {'estimate': 75.148358443879, 'se': 0.19564522164843468, 'confidence_interval': (74.76488123667659, 75.53183565108142), 't_stat': '-', 'p_t': '-'}, 'beta5': {'estimate': -1.8687302427149735, 'se': 0.0916357228063137, 'confidence_interval': (-2.0483421482123916, -1.6891183372175556), 't_stat': -20.39303216568526, 'p_t': '-'}, 'breakpoint5': {'estimate': 82.16186479744826, 'se': 0.21205646559275818, 'confidence_interval': (81.7462204974773, 82.57750909741922), 't_stat': '-', 'p_t': '-'}, 'alpha1': {'estimate': 0.35104328546074187, 'se': 0.07912585033604819, 'confidence_interval': (0.1959515339284244, 0.5061350369930593), 't_stat': 4.436518330859737, 'p_t': 9.183788817996775e-06}, 'alpha2': {'estimate': 0.7895873524457169, 'se': 0.1377147774308706, 'confidence_interval': (0.5196575387005558, 1.059517166190878), 't_stat': 5.733497647644024, 'p_t': 9.957752303283187e-09}, 'alpha3': {'estimate': 1.1072192573431339, 'se': 0.003821610985807375, 'confidence_interval': (1.099728654222323, 1.1147098604639447), 't_stat': 289.725788798259, 'p_t': 0.0}, 'alpha4': {'estimate': 2.4231993601600568, 'se': 0.04584773819128279, 'confidence_interval': (2.3333348469866455, 2.513063873333468), 't_stat': 52.853193107370984, 'p_t': 0.0}, 'alpha5': {'estimate': 4.376172596452706, 'se': 0.068130415869563, 'confidence_interval': (4.242632603075576, 4.509712589829837), 't_stat': 64.2322895082715, 'p_t': 0.0}, 'alpha6': {'estimate': 2.5074423537377326, 'se': 0.06128092792766692, 'confidence_interval': (2.387327796896153, 2.627556910579312), 't_stat': 40.9171733936111, 'p_t': 0.0}}, 'bic': 90542.57091648446, 'rss': 1079556.8410470784, 'converged': True}",0.967954,0,2023-12-15,"Some volume loss, some sticky portions (not enough immersion time)"
10_2,10,,1,0,0,1,0,1,"{'estimates': {'const': {'estimate': 0.8478852814081169, 'se': 0.5562373539078017, 'confidence_interval': (-0.24236652977779716, 1.9381370925940309), 't_stat': 1.5243228011412138, 'p_t': 0.12743926866283511}, 'beta1': {'estimate': -0.10080754568914652, 'se': 0.15652301075171232, 'confidence_interval': (-0.40760013120222305, 0.20598503982393002), 't_stat': -0.644042976205297, 'p_t': '-'}, 'breakpoint1': {'estimate': 12.113233498484508, 'se': 8.796850612661663, 'confidence_interval': (-5.129014340153098, 29.355481337122114), 't_stat': '-', 'p_t': '-'}, 'beta2': {'estimate': -0.16025846432456153, 'se': 0.13360211575361966, 'confidence_interval': (-0.42212499963602795, 0.10160807098690489), 't_stat': -1.1995204074469883, 'p_t': '-'}, 'breakpoint2': {'estimate': 20.82462680166401, 'se': 4.626095080410416, 'confidence_interval': (11.757259238694301, 29.891994364633717), 't_stat': '-', 'p_t': '-'}, 'beta3': {'estimate': 0.32201027377891595, 'se': 0.05840683780661347, 'confidence_interval': (0.20753007884605795, 0.43649046871177394), 't_stat': 5.513229030564883, 'p_t': '-'}, 'breakpoint3': {'estimate': 67.08197427630373, 'se': 1.8253798278569884, 'confidence_interval': (63.50414252976269, 70.65980602284476), 't_stat': '-', 'p_t': '-'}, 'beta4': {'estimate': 0.874560082709699, 'se': 0.1560286071706276, 'confidence_interval': (0.568736551856378, 1.18038361356302), 't_stat': 5.605126512174205, 'p_t': '-'}, 'breakpoint4': {'estimate': 82.41278298574223, 'se': 0.9705372771918105, 'confidence_interval': (80.51048351439603, 84.31508245708842), 't_stat': '-', 'p_t': '-'}, 'beta5': {'estimate': 1.8864239328386359, 'se': 0.14680229677529893, 'confidence_interval': (1.5986844115334002, 2.1741634541438715), 't_stat': 12.850098222414507, 'p_t': '-'}, 'breakpoint5': {'estimate': 90.45824382340986, 'se': 0.39832495001077445, 'confidence_interval': (89.67750787473827, 91.23897977208145), 't_stat': '-', 'p_t': '-'}, 'alpha1': {'estimate': 0.39018007626822615, 'se': 0.08230669464125344, 'confidence_interval': (0.22885501912323902, 0.5515051334132133), 't_stat': 4.740563060743562, 'p_t': 2.141611954410426e-06}, 'alpha2': {'estimate': 0.28937253057907963, 'se': 0.13313549831660992, 'confidence_interval': (0.028420587756335436, 0.5503244734018238), 't_stat': 2.173518965549834, 'p_t': 0.029749543348467477}, 'alpha3': {'estimate': 0.1291140662545181, 'se': 0.011156362392444193, 'confidence_interval': (0.1072470625030498, 0.1509810700059864), 't_stat': 11.573133043971614, 'p_t': 6.619090312558716e-31}, 'alpha4': {'estimate': 0.45112434003343405, 'se': 0.057331442339579444, 'confidence_interval': (0.3387519716380029, 0.5634967084288651), 't_stat': 7.868707320520262, 'p_t': 3.710518103776688e-15}, 'alpha5': {'estimate': 1.325684422743133, 'se': 0.14511385865888046, 'confidence_interval': (1.0412543208818956, 1.6101145246043704), 't_stat': 9.13547772070084, 'p_t': 6.934439174193825e-20}, 'alpha6': {'estimate': 3.212108355581769, 'se': 0.022200954115385675, 'confidence_interval': (3.168593423935581, 3.2556232872279574), 't_stat': 144.68334734117207, 'p_t': 0.0}}, 'bic': 153765.1655483255, 'rss': 6439411.090595131, 'converged': True}",0.807905,0,2024-02-01,"No significant volume loss, no wrinkles"
12_2,12,,1,0,0,1,0,1,"{'estimates': {'const': {'estimate': 0.9764563668866668, 'se': 0.7200267703458425, 'confidence_interval': (-0.4348419071692786, 2.387754640942612), 't_stat': 1.3561389758017697, 'p_t': 0.1750678128686585}, 'beta1': {'estimate': -0.17034724877985877, 'se': 0.1365227351420112, 'confidence_interval': (-0.43794049449039285, 0.09724599693067534), 't_stat': -1.2477573687830328, 'p_t': '-'}, 'breakpoint1': {'estimate': 9.235046075349993, 'se': 4.635313336515853, 'confidence_interval': (0.14953706241263554, 18.32055508828735), 't_stat': '-', 'p_t': '-'}, 'beta2': {'estimate': 0.1558165232936468, 'se': 0.06647176152049987, 'confidence_interval': (0.02552764214235234, 0.28610540444494126), 't_stat': 2.344101009653446, 'p_t': '-'}, 'breakpoint2': {'estimate': 41.07632379190835, 'se': 4.211772420033991, 'confidence_interval': (32.82098191863973, 49.33166566517697), 't_stat': '-', 'p_t': '-'}, 'beta3': {'estimate': 0.34596357119128474, 'se': 0.15574430984281085, 'confidence_interval': (0.040694816295382186, 0.6512323260871873), 't_stat': 2.221356090251116, 'p_t': '-'}, 'breakpoint3': {'estimate': 55.801886636846156, 'se': 2.5334876751267434, 'confidence_interval': (50.83608962692249, 60.767683646769825), 't_stat': '-', 'p_t': '-'}, 'beta4': {'estimate': 1.1969756414832458, 'se': 0.1440087116185001, 'confidence_interval': (0.9147094056617777, 1.4792418773047138), 't_stat': 8.311828000060213, 'p_t': '-'}, 'breakpoint4': {'estimate': 64.22599380904312, 'se': 0.6473421681649103, 'confidence_interval': (62.95716197905997, 65.49482563902626), 't_stat': '-', 'p_t': '-'}, 'beta5': {'estimate': 4.7406777252072105, 'se': 0.09153997132919223, 'confidence_interval': (4.561253558128024, 4.9201018922863975), 't_stat': 51.788062158758855, 'p_t': '-'}, 'breakpoint5': {'estimate': 92.50726833390678, 'se': 0.13593084672015737, 'confidence_interval': (92.2408352271558, 92.77370144065776), 't_stat': '-', 'p_t': '-'}, 'alpha1': {'estimate': 0.33153570824895134, 'se': 0.13501604684093566, 'confidence_interval': (0.0668956674558217, 0.5961757490420809), 't_stat': 2.455528183546496, 'p_t': 0.014074866035419525}, 'alpha2': {'estimate': 0.16118845946909258, 'se': 0.020226821453258156, 'confidence_interval': (0.1215426027005869, 0.20083431623759826), 't_stat': 7.9690454499527, 'p_t': 1.6702888138280876e-15}, 'alpha3': {'estimate': 0.31700498276273936, 'se': 0.06331959233551837, 'confidence_interval': (0.192894553737829, 0.44111541178764974), 't_stat': 5.00642804336122, 'p_t': 5.584497608161753e-07}, 'alpha4': {'estimate': 0.6629685539540241, 'se': 0.14229166973114502, 'confidence_interval': (0.38406782946061696, 0.9418692784474312), 't_stat': 4.659222533593704, 'p_t': 3.191221953317443e-06}, 'alpha5': {'estimate': 1.85994419543727, 'se': 0.02217182327060814, 'confidence_interval': (1.8164860113763455, 1.9034023794981945), 't_stat': 83.8877422364667, 'p_t': 0.0}, 'alpha6': {'estimate': 6.60062192064448, 'se': 0.0888142815306538, 'confidence_interval': (6.426540278963955, 6.774703562325005), 't_stat': 74.31937529513549, 'p_t': 0.0}}, 'bic': 129056.05349236375, 'rss': 5338380.9763893355, 'converged': True}",0.842921,0,2024-02-01,"No significant volume loss, no wrinkles"
15_2,15,,1,0,0,1,0,1,"{'estimates': {'const': {'estimate': 0.5510886669696766, 'se': 0.17055102687392718, 'confidence_interval': (0.2167974930078127, 0.8853798409315405), 't_stat': 3.2312245611810138, 'p_t': 0.001234315829759849}, 'beta1': {'estimate': -0.549192997405301, 'se': 0.029192308513389796, 'confidence_interval': (-0.6064118325097753, -0.4919741623008268), 't_stat': -18.81293482334224, 'p_t': '-'}, 'breakpoint1': {'estimate': 10.924543388016609, 'se': 0.4021548624364527, 'confidence_interval': (10.136293539613582, 11.712793236419635), 't_stat': '-', 'p_t': '-'}, 'beta2': {'estimate': 0.4527952334889094, 'se': 0.024131171058096812, 'confidence_interval': (0.40549655901039794, 0.5000939079674208), 't_stat': 18.76391462307344, 'p_t': '-'}, 'breakpoint2': {'estimate': 43.99595108850332, 'se': 0.4572679561231479, 'confidence_interval': (43.09967596973464, 44.892226207271996), 't_stat': '-', 'p_t': '-'}, 'beta3': {'estimate': 0.8868110324988618, 'se': 0.043588464725946234, 'confidence_interval': (0.8013747890970379, 0.9722472759006858), 't_stat': 20.345085289755193, 'p_t': '-'}, 'breakpoint3': {'estimate': 56.79761701963504, 'se': 0.2951485302843671, 'confidence_interval': (56.219106585014124, 57.37612745425596), 't_stat': '-', 'p_t': '-'}, 'beta4': {'estimate': 1.447331181489315, 'se': 0.06710079459019835, 'confidence_interval': (1.3158092328474424, 1.5788531301311877), 't_stat': 21.569508831132854, 'p_t': '-'}, 'breakpoint4': {'estimate': 66.06977373372386, 'se': 0.2043684877113366, 'confidence_interval': (65.66919812342083, 66.4703493440269), 't_stat': '-', 'p_t': '-'}, 'beta5': {'estimate': 2.230331658814934, 'se': 0.0607850155938961, 'confidence_interval': (2.111189050326306, 2.3494742673035613), 't_stat': 36.692129417482604, 'p_t': '-'}, 'breakpoint5': {'estimate': 72.91424638273229, 'se': 0.12121431882011284, 'confidence_interval': (72.6766583852744, 73.15183438019018), 't_stat': '-', 'p_t': '-'}, 'alpha1': {'estimate': 1.0576878247105084, 'se': 0.02861557094721694, 'confidence_interval': (1.0015994329788926, 1.113776216442124), 't_stat': 36.96196824664006, 'p_t': 1.0605039890071329e-290}, 'alpha2': {'estimate': 0.5084948273052073, 'se': 0.005774077909564807, 'confidence_interval': (0.49717725673225194, 0.5198123978781628), 't_stat': 88.06511364574446, 'p_t': 0.0}, 'alpha3': {'estimate': 0.9612900607941167, 'se': 0.02343018226410984, 'confidence_interval': (0.9153653702262928, 1.0072147513619405), 't_stat': 41.02785244938589, 'p_t': 0.0}, 'alpha4': {'estimate': 1.8481010932929784, 'se': 0.0367556909367196, 'confidence_interval': (1.7760575336719733, 1.9201446529139836), 't_stat': 50.28067888792405, 'p_t': 0.0}, 'alpha5': {'estimate': 3.2954322747822937, 'se': 0.05613854129206019, 'confidence_interval': (3.185397060002251, 3.4054674895623362), 't_stat': 58.70177954282497, 'p_t': 0.0}, 'alpha6': {'estimate': 5.5257639335972275, 'se': 0.023308416985068626, 'confidence_interval': (5.480077910944951, 5.571449956249504), 't_stat': 237.07160967375142, 'p_t': 0.0}}, 'bic': 75571.96663157786, 'rss': 588527.4416088824, 'converged': True}",0.98184,0,2024-02-01,"Some volume loss, no wrinkles"
10_3,10,,1,0,0,4,1,1,"{'estimates': {'const': {'estimate': 0.4340416499362369, 'se': 0.2890616997637537, 'confidence_interval': (-0.13253766892086477, 1.0006209687933385), 't_stat': 1.5015536485496814, 'p_t': 0.1332256807746016}, 'beta1': {'estimate': -38.77817980678103, 'se': 6.0497523245415925, 'confidence_interval': (-50.6360791898343, -26.920280423727768), 't_stat': -6.409878905202845, 'p_t': '-'}, 'breakpoint1': {'estimate': 0.08564579641860566, 'se': 0.008591377364080005, 'confidence_interval': (0.06880615028436139, 0.10248544255284993), 't_stat': '-', 'p_t': '-'}, 'beta2': {'estimate': 93.09590851216127, 'se': 2.6372726306678804, 'confidence_interval': (87.92668639817836, 98.26513062614418), 't_stat': 35.300070015357136, 'p_t': '-'}, 'breakpoint2': {'estimate': 0.48146245244892555, 'se': 0.002819317145893209, 'confidence_interval': (0.475936411505183, 0.4869884933926681), 't_stat': '-', 'p_t': '-'}, 'beta3': {'estimate': 197.1921961237681, 'se': 6.018938437713476, 'confidence_interval': (185.39469391898052, 208.98969832855568), 't_stat': 32.7619559768548, 'p_t': '-'}, 'breakpoint3': {'estimate': 0.6292721286418089, 'se': 0.0018057969817751355, 'confidence_interval': (0.625732651690125, 0.6328116055934928), 't_stat': '-', 'p_t': '-'}, 'beta4': {'estimate': 332.8631273238544, 'se': 9.615078299330873, 'confidence_interval': (314.0169622385286, 351.70929240918025), 't_stat': 34.618868090446945, 'p_t': '-'}, 'breakpoint4': {'estimate': 0.716268163652219, 'se': 0.0012027585648913253, 'confidence_interval': (0.713910680357121, 0.718625646947317), 't_stat': '-', 'p_t': '-'}, 'beta5': {'estimate': -309.60582599735676, 'se': 12.4943937337633, 'confidence_interval': (-334.095632488475, -285.1160195062385), 't_stat': -24.77957975349507, 'p_t': '-'}, 'breakpoint5': {'estimate': 0.7784337142175799, 'se': 0.001352771683972786, 'confidence_interval': (0.775782195666693, 0.7810852327684668), 't_stat': '-', 'p_t': '-'}, 'alpha1': {'estimate': 85.8128108965321, 'se': 6.018789767606765, 'confidence_interval': (74.01560009461063, 97.61002169845356), 't_stat': 14.257486007964292, 'p_t': 6.225301676698516e-46}, 'alpha2': {'estimate': 47.034631089751066, 'se': 0.6112879204176203, 'confidence_interval': (45.83646788148497, 48.23279429801716), 't_stat': 76.94349833973146, 'p_t': 0.0}, 'alpha3': {'estimate': 140.13053960191235, 'se': 2.5654500593115093, 'confidence_interval': (135.1020942964479, 145.1589849073768), 't_stat': 54.622205212413775, 'p_t': 0.0}, 'alpha4': {'estimate': 337.32273572568045, 'se': 5.444821935579097, 'confidence_interval': (326.65053838483635, 347.99493306652454), 't_stat': 61.952941660304944, 'p_t': 0.0}, 'alpha5': {'estimate': 670.1858630495349, 'se': 7.924875064762851, 'confidence_interval': (654.6526038184065, 685.7191222806632), 't_stat': 84.56737268066824, 'p_t': 0.0}, 'alpha6': {'estimate': 360.5800370521781, 'se': 9.659514997255485, 'confidence_interval': (341.6467732122855, 379.51330089207073), 't_stat': 37.32900017802427, 'p_t': 1.9028199098368592e-296}}, 'bic': 93780.92829303486, 'rss': 1214271.5416936553, 'converged': True}",0.963112,"[109,113,107,106]",2024-02-12,"Good, no wrinkles"
12_3,12,,1,0,0,4,1,1,"{'estimates': {'const': {'estimate': 1.1198082791779618, 'se': 0.06628684474966252, 'confidence_interval': (0.9898818797771711, 1.2497346785787524), 't_stat': 16.893371277619348, 'p_t': 1.177847557393481e-63}, 'beta1': {'estimate': -52.511446503369775, 'se': 1.519985472629671, 'confidence_interval': (-55.49071396354388, -49.53217904319567), 't_stat': -34.547334464007506, 'p_t': '-'}, 'breakpoint1': {'estimate': 0.08196697323425016, 'se': 0.0016827428656733892, 'confidence_interval': (0.07866869101128426, 0.08526525545721605), 't_stat': '-', 'p_t': '-'}, 'beta2': {'estimate': 69.82532522779273, 'se': 0.7420769537282589, 'confidence_interval': (68.37080756232925, 71.27984289325622), 't_stat': 94.09445324637055, 'p_t': '-'}, 'breakpoint2': {'estimate': 0.43751950147703755, 'se': 0.001035725612226679, 'confidence_interval': (0.4354894139072943, 0.4395495890467808), 't_stat': '-', 'p_t': '-'}, 'beta3': {'estimate': 145.39443735360544, 'se': 1.5267645264511513, 'confidence_interval': (142.40188252008153, 148.38699218712935), 't_stat': 95.23042671915087, 'p_t': '-'}, 'breakpoint3': {'estimate': 0.5834268797834403, 'se': 0.0006506966397940159, 'confidence_interval': (0.5821514733007527, 0.584702286266128), 't_stat': '-', 'p_t': '-'}, 'beta4': {'estimate': 237.94246483113488, 'se': 2.5146247459894977, 'confidence_interval': (233.01364161855912, 242.87128804371065), 't_stat': 94.62344837360821, 'p_t': '-'}, 'breakpoint4': {'estimate': 0.6761514270189238, 'se': 0.00045630662090532105, 'confidence_interval': (0.675257037242176, 0.6770458167956717), 't_stat': '-', 'p_t': '-'}, 'beta5': {'estimate': 382.3467901100555, 'se': 3.139376305722799, 'confidence_interval': (376.19341440923375, 388.50016581087726), 't_stat': 121.79068479719105, 'p_t': '-'}, 'breakpoint5': {'estimate': 0.7412934777469463, 'se': 0.0002884114657559159, 'confidence_interval': (0.740728173070987, 0.7418587824229056), 't_stat': '-', 'p_t': '-'}, 'alpha1': {'estimate': 99.16245117035743, 'se': 1.5075856156997627, 'confidence_interval': (96.2074882123824, 102.11741412833246), 't_stat': 65.77566815290292, 'p_t': 0.0}, 'alpha2': {'estimate': 46.65100466698765, 'se': 0.19375615690968997, 'confidence_interval': (46.27123037053287, 47.03077896344244), 't_stat': 240.77172777911647, 'p_t': 0.0}, 'alpha3': {'estimate': 116.47632989478038, 'se': 0.7163356454304067, 'confidence_interval': (115.07226681824228, 117.88039297131847), 't_stat': 162.60021491014334, 'p_t': 0.0}, 'alpha4': {'estimate': 261.87076724838585, 'se': 1.3482852674102053, 'confidence_interval': (259.2280430272932, 264.5134914694785), 't_stat': 194.2250453803362, 'p_t': 0.0}, 'alpha5': {'estimate': 499.81323207952073, 'se': 2.12260793620191, 'confidence_interval': (495.6527865562533, 503.97367760278814), 't_stat': 235.47129149712964, 'p_t': 0.0}, 'alpha6': {'estimate': 882.1600221895762, 'se': 2.3130540715915844, 'confidence_interval': (877.6262902209451, 886.6937541582074), 't_stat': 381.38322533142195, 'p_t': 0.0}}, 'bic': 31670.996710743984, 'rss': 89422.77749179793, 'converged': True}",0.997315,"[107,110,112,112]",2024-02-12,"Good, no wrinkles"
15_3,15,,1,0,0,4,1,1,"{'estimates': {'const': {'estimate': 0.5072451596951993, 'se': 0.08494016150408579, 'confidence_interval': (0.3407559569289671, 0.6737343624614316), 't_stat': 5.9717941514721495, 'p_t': 2.3841419577063523e-09}, 'beta1': {'estimate': -81.32754912343933, 'se': 1.5175936704242023, 'confidence_interval': (-84.30214860427328, -78.35294964260537), 't_stat': -53.589805168801476, 'p_t': '-'}, 'breakpoint1': {'estimate': 0.10475917252913544, 'se': 0.0013753852993217011, 'confidence_interval': (0.10206331231500751, 0.10745503274326337), 't_stat': '-', 'p_t': '-'}, 'beta2': {'estimate': 70.56344096682, 'se': 1.1307493665510915, 'confidence_interval': (68.34708586186228, 72.77979607177771), 't_stat': 62.404139285123954, 'p_t': '-'}, 'breakpoint2': {'estimate': 0.38661079644468777, 'se': 0.0014676200269331122, 'confidence_interval': (0.3837341491211941, 0.38948744376818145), 't_stat': '-', 'p_t': '-'}, 'beta3': {'estimate': 124.32095316111926, 'se': 2.292792527974862, 'confidence_interval': (119.82690472359013, 128.8150015986484), 't_stat': 54.222504498009386, 'p_t': '-'}, 'breakpoint3': {'estimate': 0.5222487736875294, 'se': 0.0010632906093095789, 'confidence_interval': (0.5201646428980646, 0.5243329044769942), 't_stat': '-', 'p_t': '-'}, 'beta4': {'estimate': 182.84836555975608, 'se': 3.786254040149283, 'confidence_interval': (175.42701851434742, 190.26971260516473), 't_stat': 48.29268285245509, 'p_t': '-'}, 'breakpoint4': {'estimate': 0.6086184625695823, 'se': 0.0008265033126140464, 'confidence_interval': (0.6069984529632414, 0.6102384721759232), 't_stat': '-', 'p_t': '-'}, 'beta5': {'estimate': 266.0062816420841, 'se': 3.9854222508747346, 'confidence_interval': (258.19454969472935, 273.81801358943886), 't_stat': 66.74481771252722, 'p_t': '-'}, 'breakpoint5': {'estimate': 0.6694091960976829, 'se': 0.0005536005540720679, 'confidence_interval': (0.6683240967375413, 0.6704942954578245), 't_stat': '-', 'p_t': '-'}, 'alpha1': {'estimate': 143.41826759102636, 'se': 1.4726716105769657, 'confidence_interval': (140.53171877784064, 146.3048164042121), 't_stat': 97.38645503924512, 'p_t': 0.0}, 'alpha2': {'estimate': 62.09071846758704, 'se': 0.36650903933224177, 'confidence_interval': (61.37233276305659, 62.809104172117486), 't_stat': 169.41115171596513, 'p_t': 0.0}, 'alpha3': {'estimate': 132.65415943440703, 'se': 1.069703348617481, 'confidence_interval': (130.55745918620786, 134.7508596826062), 't_stat': 124.01023106626107, 'p_t': 0.0}, 'alpha4': {'estimate': 256.9751125955263, 'se': 2.0279626037710625, 'confidence_interval': (253.0001510324342, 260.9500741586184), 't_stat': 126.71590300416423, 'p_t': 0.0}, 'alpha5': {'estimate': 439.8234781552824, 'se': 3.1973563039256097, 'confidence_interval': (433.5564156424032, 446.09054066816157), 't_stat': 137.55848155405184, 'p_t': 0.0}, 'alpha6': {'estimate': 705.8297597973665, 'se': 2.3791812002272157, 'confidence_interval': (701.166382965393, 710.4931366293399), 't_stat': 296.669190110429, 'p_t': 0.0}}, 'bic': 39275.54519013763, 'rss': 134838.62824796175, 'converged': True}",0.995565,"[103,105,105,105]",2024-02-12,"Good, no wrinkles"
17_3,17,,1,0,0,4,1,1,"{'estimates': {'const': {'estimate': 0.9768692817680178, 'se': 0.07344373136552369, 'confidence_interval': (0.8329137189319028, 1.120824844604133), 't_stat': 13.30092117605267, 'p_t': 3.355242151598772e-40}, 'beta1': {'estimate': -117.41853105138381, 'se': 1.3996508106802954, 'confidence_interval': (-120.16195811424257, -114.67510398852505), 't_stat': -83.89130357043335, 'p_t': '-'}, 'breakpoint1': {'estimate': 0.10406799050766559, 'se': 0.000918924629608567, 'confidence_interval': (0.10226682504671017, 0.10586915596862101), 't_stat': '-', 'p_t': '-'}, 'beta2': {'estimate': 47.329769734311135, 'se': 1.3048350952436072, 'confidence_interval': (44.77218902522035, 49.88735044340192), 't_stat': 36.272606329211946, 'p_t': '-'}, 'breakpoint2': {'estimate': 0.33518805857540723, 'se': 0.0022348018946048522, 'confidence_interval': (0.3308076688732021, 0.33956844827761234), 't_stat': '-', 'p_t': '-'}, 'beta3': {'estimate': 91.0185078425603, 'se': 2.1697197549392966, 'confidence_interval': (86.76568431750795, 95.27133136761265), 't_stat': 41.9494303978012, 'p_t': '-'}, 'breakpoint3': {'estimate': 0.45655415072208405, 'se': 0.0013935932336564744, 'confidence_interval': (0.4538225969926422, 0.4592857044515259), 't_stat': '-', 'p_t': '-'}, 'beta4': {'estimate': 156.51816115297402, 'se': 2.968229242540615, 'confidence_interval': (150.70019543565576, 162.33612687029228), 't_stat': 52.73115664712084, 'p_t': '-'}, 'breakpoint4': {'estimate': 0.5472120798972938, 'se': 0.0008836309979977679, 'confidence_interval': (0.545480092765225, 0.5489440670293626), 't_stat': '-', 'p_t': '-'}, 'beta5': {'estimate': 279.5452939713135, 'se': 3.1191471832122986, 'confidence_interval': (273.4315170705556, 285.6590708720714), 't_stat': 89.62234788914955, 'p_t': '-'}, 'breakpoint5': {'estimate': 0.6196362672480277, 'se': 0.0004758984818714523, 'confidence_interval': (0.6187034683210546, 0.6205690661750007), 't_stat': '-', 'p_t': '-'}, 'alpha1': {'estimate': 192.7432888496069, 'se': 1.3206356100005257, 'confidence_interval': (190.1547378731748, 195.331839826039), 't_stat': 145.947366094066, 'p_t': 0.0}, 'alpha2': {'estimate': 75.32475779822309, 'se': 0.4636205101551762, 'confidence_interval': (74.41602467368192, 76.23349092276426), 't_stat': 162.4707193670347, 'p_t': 0.0}, 'alpha3': {'estimate': 122.65452753253422, 'se': 1.2196928500007076, 'confidence_interval': (120.26383240519678, 125.04522265987165), 't_stat': 100.56181565093463, 'p_t': 0.0}, 'alpha4': {'estimate': 213.6730353750945, 'se': 1.7944450859892564, 'confidence_interval': (210.1557800895965, 217.19029066059252), 't_stat': 119.074713984518, 'p_t': 0.0}, 'alpha5': {'estimate': 370.19119652806853, 'se': 2.3643924525429862, 'confidence_interval': (365.5567990111817, 374.8255940449554), 't_stat': 156.56926840969868, 'p_t': 0.0}, 'alpha6': {'estimate': 649.7364904993821, 'se': 2.03438626639559, 'confidence_interval': (645.7489313903889, 653.7240496083753), 't_stat': 319.3771513462624, 'p_t': 0.0}}, 'bic': 36530.341592668, 'rss': 120985.84351468715, 'converged': True}",0.995817,"[110,105,105,105]",2024-02-12,"Good, no wrinkles"
10_4,10,,1,0,0,1,1,1,"{'estimates': {'const': {'estimate': 1.0851145743937296, 'se': 3.5295128004221175, 'confidence_interval': (-5.833056435370478, 8.003285584157938), 't_stat': 0.30744032838298635, 'p_t': 0.7585116998162549}, 'beta1': {'estimate': 12.584131457546368, 'se': 92.5600203039225, 'confidence_interval': (-168.84205548054888, 194.0103183956416), 't_stat': 0.13595644659785233, 'p_t': '-'}, 'breakpoint1': {'estimate': 0.048857759093783974, 'se': 0.13497493880790765, 'confidence_interval': (-0.2157055847744938, 0.31342110296206177), 't_stat': '-', 'p_t': '-'}, 'beta2': {'estimate': 4.723911869482986, 'se': 17.516112144689252, 'confidence_interval': (-29.60928540031451, 39.057109139280485), 't_stat': 0.2696895195955479, 'p_t': '-'}, 'breakpoint2': {'estimate': 0.1668145041525728, 'se': 0.25828409632225047, 'confidence_interval': (-0.33944617501142915, 0.6730751833165748), 't_stat': '-', 'p_t': '-'}, 'beta3': {'estimate': 7.628160186267145, 'se': 15.295936985918994, 'confidence_interval': (-22.353288757765363, 37.60960913029965), 't_stat': 0.4987049955350505, 'p_t': '-'}, 'breakpoint3': {'estimate': 0.28435522109098876, 'se': 0.1498064052101418, 'confidence_interval': (-0.009279166487332124, 0.5779896086693097), 't_stat': '-', 'p_t': '-'}, 'beta4': {'estimate': 28.321613848897158, 'se': 24.975268227802008, 'confidence_interval': (-20.6322181343728, 77.27544583216712), 't_stat': 1.1339863736626483, 'p_t': '-'}, 'breakpoint4': {'estimate': 0.4353061311462327, 'se': 0.044959699677295614, 'confidence_interval': (0.3471809681271405, 0.5234312941653249), 't_stat': '-', 'p_t': '-'}, 'beta5': {'estimate': 140.4770628387708, 'se': 23.51952441573114, 'confidence_interval': (94.37662315290456, 186.57750252463703), 't_stat': 5.972785008561315, 'p_t': '-'}, 'breakpoint5': {'estimate': 0.5110998790974522, 'se': 0.007814551443503372, 'confidence_interval': (0.49578263665983013, 0.5264171215350744), 't_stat': '-', 'p_t': '-'}, 'alpha1': {'estimate': 6.299920127737421, 'se': 91.76309601472661, 'confidence_interval': (-173.56422161425243, 186.16406186972725), 't_stat': 0.06865418018073821, 'p_t': 0.9452656336781278}, 'alpha2': {'estimate': 18.88405158528379, 'se': 12.119883186510018, 'confidence_interval': (-4.872038629947731, 42.64014180051531), 't_stat': 1.5581050819287268, 'p_t': 0.11922546148086516}, 'alpha3': {'estimate': 23.607963454766775, 'se': 12.646051407878643, 'confidence_interval': (-1.1794650615742555, 48.395391971107806), 't_stat': 1.8668248841736266, 'p_t': 0.061941866634599954}, 'alpha4': {'estimate': 31.23612364103392, 'se': 8.604828415867557, 'confidence_interval': (14.369865362120564, 48.10238191994728), 't_stat': 3.6300693205495635, 'p_t': 0.00028410994850943967}, 'alpha5': {'estimate': 59.55773748993108, 'se': 23.446128699300512, 'confidence_interval': (13.601160185748377, 105.51431479411377), 't_stat': 2.5401949402294255, 'p_t': 0.011087182776422934}, 'alpha6': {'estimate': 200.03480032870186, 'se': 1.8566307543607523, 'confidence_interval': (196.39563260585948, 203.67396805154425), 't_stat': 107.74075559120796, 'p_t': 0.0}}, 'bic': 112805.38757781872, 'rss': 8187488.895396971, 'converged': True}",0.64723,"[105,105,105]",2024-02-23,"Volume exceeded 1000uL, fragile, wrinkles"
12_4,12,,1,0,0,1,1,1,"{'estimates': {'const': {'estimate': 0.7741877661434111, 'se': 0.5419413046322675, 'confidence_interval': (-0.2880365360404198, 1.836412068327242), 't_stat': 1.428545415390941, 'p_t': 0.15314437342540824}, 'beta1': {'estimate': -3.229888147122461, 'se': 25.27922013954082, 'confidence_interval': (-52.77806198616147, 46.31828569191655), 't_stat': -0.12776850430090564, 'p_t': '-'}, 'breakpoint1': {'estimate': 0.15647831898172304, 'se': 0.3533499601705762, 'confidence_interval': (-0.5361002161117744, 0.8490568540752205), 't_stat': '-', 'p_t': '-'}, 'beta2': {'estimate': -10.059779653362853, 'se': 24.951627051792542, 'confidence_interval': (-58.965859346671856, 38.84630003994615), 't_stat': -0.40317128949072484, 'p_t': '-'}, 'breakpoint2': {'estimate': 0.2222960004142083, 'se': 0.09135497315701041, 'confidence_interval': (0.043236992024778015, 0.4013550088036386), 't_stat': '-', 'p_t': '-'}, 'beta3': {'estimate': 21.37464679065058, 'se': 14.430030761111588, 'confidence_interval': (-6.908728594648178, 49.65802217594934), 't_stat': 1.481261346181914, 'p_t': '-'}, 'breakpoint3': {'estimate': 0.43449484724480136, 'se': 0.03881861631995055, 'confidence_interval': (0.35840897359067825, 0.5105807208989245), 't_stat': '-', 'p_t': '-'}, 'beta4': {'estimate': 118.78161515822121, 'se': 13.99362029522875, 'confidence_interval': (91.35361986413486, 146.20961045230757), 't_stat': 8.488269129234618, 'p_t': '-'}, 'breakpoint4': {'estimate': 0.5198741435827686, 'se': 0.00650980795774444, 'confidence_interval': (0.5071146876118717, 0.5326335995536655), 't_stat': '-', 'p_t': '-'}, 'beta5': {'estimate': 649.8370983070616, 'se': 21.528923807018284, 'confidence_interval': (607.6396391501216, 692.0345574640016), 't_stat': 30.184374478357302, 'p_t': '-'}, 'breakpoint5': {'estimate': 0.936431534518344, 'se': 0.001525585683306388, 'confidence_interval': (0.9334413321218477, 0.9394217369148404), 't_stat': '-', 'p_t': '-'}, 'alpha1': {'estimate': 35.0465882764773, 'se': 5.572566593971153, 'confidence_interval': (24.124158834288046, 45.96901771866656), 't_stat': 6.289128660103137, 'p_t': 3.232375640473158e-10}, 'alpha2': {'estimate': 31.81670012935484, 'se': 24.657361424514225, 'confidence_interval': (-16.51260843040033, 80.14600868911), 't_stat': 1.2903529936387612, 'p_t': 0.19693714363992063}, 'alpha3': {'estimate': 21.756920475991986, 'se': 3.8207617189016796, 'confidence_interval': (14.268091121261559, 29.245749830722414), 't_stat': 5.694393442113489, 'p_t': 1.248587253044617e-08}, 'alpha4': {'estimate': 43.13156726664256, 'se': 13.915012312391354, 'confidence_interval': (15.857646424903386, 70.40548810838175), 't_stat': 3.0996427669872624, 'p_t': 0.0019391673810001697}, 'alpha5': {'estimate': 161.91318242486378, 'se': 1.4811621494744078, 'confidence_interval': (159.0100517404179, 164.81631310930965), 't_stat': 109.31496087873894, 'p_t': 0.0}, 'alpha6': {'estimate': 811.7502807319254, 'se': 21.477912351421953, 'confidence_interval': (769.6528058488561, 853.8477556149946), 't_stat': 37.79465468757177, 'p_t': 4.595431952967059e-306}}, 'bic': 196268.03843148926, 'rss': 12409298.751725504, 'converged': True}",0.704247,"[111,108,104,104,102]",2024-02-23,No wrinkles
15_4,15,,1,0,0,4,1,1,"{'estimates': {'const': {'estimate': 0.32077780881090073, 'se': 0.16994158633598808, 'confidence_interval': (-0.012320120678614321, 0.6538757383004158), 't_stat': 1.8875768770140666, 'p_t': 0.05909608101265091}, 'beta1': {'estimate': -67.60267864596358, 'se': 3.3549579997846246, 'confidence_interval': (-74.17864152442641, -61.02671576750075), 't_stat': -20.150081953426366, 'p_t': '-'}, 'breakpoint1': {'estimate': 0.0935869235192529, 'se': 0.0031737356742668763, 'confidence_interval': (0.08736616964353464, 0.09980767739497115), 't_stat': '-', 'p_t': '-'}, 'beta2': {'estimate': 58.42705303242764, 'se': 2.0560621613854058, 'confidence_interval': (54.39702092771859, 62.45708513713668), 't_stat': 28.41696818789691, 'p_t': '-'}, 'breakpoint2': {'estimate': 0.36986551945865687, 'se': 0.003223580504665279, 'confidence_interval': (0.3635470660724219, 0.37618397284489186), 't_stat': '-', 'p_t': '-'}, 'beta3': {'estimate': 112.13954660858248, 'se': 3.814008779628211, 'confidence_interval': (104.66381065165649, 119.61528256550847), 't_stat': 29.402015854697066, 'p_t': '-'}, 'breakpoint3': {'estimate': 0.5063012925571205, 'se': 0.00208807828630196, 'confidence_interval': (0.5022085065076596, 0.5103940786065815), 't_stat': '-', 'p_t': '-'}, 'beta4': {'estimate': 176.06722187552393, 'se': 6.563071055585046, 'confidence_interval': (163.20312294104792, 188.93132080999993), 't_stat': 26.826956524521268, 'p_t': '-'}, 'breakpoint4': {'estimate': 0.6012890110472063, 'se': 0.0015241323752944404, 'confidence_interval': (0.5983016001996061, 0.6042764218948066), 't_stat': '-', 'p_t': '-'}, 'beta5': {'estimate': 249.72012027593672, 'se': 6.367808474489334, 'confidence_interval': (237.23875027127764, 262.2014902805958), 't_stat': 39.21602247874815, 'p_t': '-'}, 'breakpoint5': {'estimate': 0.6615099266630764, 'se': 0.0010224306433103288, 'confidence_interval': (0.6595058878773022, 0.6635139654488506), 't_stat': '-', 'p_t': '-'}, 'alpha1': {'estimate': 119.30653170932256, 'se': 3.2833070411160348, 'confidence_interval': (112.87100994649849, 125.74205347214662), 't_stat': 36.33730571502349, 'p_t': 1.0021572597271854e-280}, 'alpha2': {'estimate': 51.70385306335898, 'se': 0.6896651753400006, 'confidence_interval': (50.352058915147424, 53.05564721157053), 't_stat': 74.96949956603116, 'p_t': 0.0}, 'alpha3': {'estimate': 110.13090609578661, 'se': 1.9369443867607725, 'confidence_interval': (106.33435353512759, 113.92745865644564), 't_stat': 56.85806306497153, 'p_t': 0.0}, 'alpha4': {'estimate': 222.2704527043691, 'se': 3.2855607456988203, 'confidence_interval': (215.83051351584956, 228.71039189288862), 't_stat': 67.65069037160457, 'p_t': 0.0}, 'alpha5': {'estimate': 398.337674579893, 'se': 5.681460399138692, 'confidence_interval': (387.20159696503435, 409.4737521947517), 't_stat': 70.11184565156537, 'p_t': 0.0}, 'alpha6': {'estimate': 648.0577948558298, 'se': 2.8757594650451734, 'confidence_interval': (642.4210961279354, 653.6944935837242), 't_stat': 225.35187755894245, 'p_t': 0.0}}, 'bic': 66721.69750799972, 'rss': 464566.2359314345, 'converged': True}",0.985389,"[109,103,100,100]",2024-02-26,"Good, no wrinkles"
17_4,17,,1,0,0,4,1,1,"{'estimates': {'const': {'estimate': -0.11366242837209395, 'se': 0.0657943077214136, 'confidence_interval': (-0.24262429150396367, 0.01529943475977577), 't_stat': -1.727541976022662, 'p_t': 0.08408499042538443}, 'beta1': {'estimate': -102.20093355292957, 'se': 1.2220803505569904, 'confidence_interval': (-104.59630428275008, -99.80556282310906), 't_stat': -83.62865298206391, 'p_t': '-'}, 'breakpoint1': {'estimate': 0.10002473127099977, 'se': 0.0008292470019890708, 'confidence_interval': (0.09839934387691336, 0.10165011866508618), 't_stat': '-', 'p_t': '-'}, 'beta2': {'estimate': 79.47598110402113, 'se': 0.9254082067440295, 'confidence_interval': (77.6621104116726, 81.28985179636966), 't_stat': 85.88207941622936, 'p_t': '-'}, 'breakpoint2': {'estimate': 0.38826324791921496, 'se': 0.0009892181666925626, 'confidence_interval': (0.3863243048367719, 0.39020219100165804), 't_stat': '-', 'p_t': '-'}, 'beta3': {'estimate': 145.42471383398177, 'se': 1.857347535048345, 'confidence_interval': (141.78417095271269, 149.06525671525085), 't_stat': 78.29698593817365, 'p_t': '-'}, 'breakpoint3': {'estimate': 0.5143972786319758, 'se': 0.0006888491418830661, 'confidence_interval': (0.5130470817558239, 0.5157474755081277), 't_stat': '-', 'p_t': '-'}, 'beta4': {'estimate': 202.45567842553464, 'se': 3.653420723987909, 'confidence_interval': (195.2946950565019, 209.6166617945674), 't_stat': 55.41537471888624, 'p_t': '-'}, 'breakpoint4': {'estimate': 0.5950678679593658, 'se': 0.0005985820559421358, 'confidence_interval': (0.593894601458889, 0.5962411344598427), 't_stat': '-', 'p_t': '-'}, 'beta5': {'estimate': 248.52550848197416, 'se': 4.032809815862572, 'confidence_interval': (240.62089354610086, 256.4301234178474), 't_stat': 61.625893565431475, 'p_t': '-'}, 'breakpoint5': {'estimate': 0.644538825351571, 'se': 0.0004917915730208807, 'confidence_interval': (0.6435748763455587, 0.6455027743575834), 't_stat': '-', 'p_t': '-'}, 'alpha1': {'estimate': 175.79509853618922, 'se': 1.1929219341675321, 'confidence_interval': (173.45688052723145, 178.13331654514698), 't_stat': 147.36513220277567, 'p_t': 0.0}, 'alpha2': {'estimate': 73.59416498325965, 'se': 0.2653632269164135, 'confidence_interval': (73.07403281172397, 74.11429715479532), 't_stat': 277.3336978090073, 'p_t': 0.0}, 'alpha3': {'estimate': 153.07014608728076, 'se': 0.8865453778062952, 'confidence_interval': (151.33244950482037, 154.80784266974115), 't_stat': 172.65912148348673, 'p_t': 0.0}, 'alpha4': {'estimate': 298.49485992126256, 'se': 1.6321081946490108, 'confidence_interval': (295.2958033325689, 301.69391650995624), 't_stat': 182.88913743580258, 'p_t': 0.0}, 'alpha5': {'estimate': 500.9505383467972, 'se': 3.268593860886343, 'confidence_interval': (494.5438449911028, 507.3572317024916), 't_stat': 153.26178768840822, 'p_t': 0.0}, 'alpha6': {'estimate': 749.4760468287714, 'se': 2.362170439128729, 'confidence_interval': (744.8460125383441, 754.1060811191986), 't_stat': 317.282798232464, 'p_t': 0.0}}, 'bic': 28123.963864298534, 'rss': 79515.98701637327, 'converged': True}",0.997335,"[109,106,106,105]",2024-02-26,"Good, no wrinkles"
10_5,10,,1,0,0,0,1,0,failed,0,"[117,142,149,118]",2024-02-23,Wrinkles found
17_5,17,,1,0,0,0,1,1,"{'estimates': {'const': {'estimate': -0.06325426342931229, 'se': 0.11504130865425126, 'confidence_interval': (-0.28874415247896335, 0.1622356256203388), 't_stat': -0.5498395677974998, 'p_t': 0.5824352962336848}, 'beta1': {'estimate': -91.44913187733229, 'se': 1.988534700648585, 'confidence_interval': (-95.3468141469964, -87.55144960766819), 't_stat': -45.988200179511594, 'p_t': '-'}, 'breakpoint1': {'estimate': 0.10898446917302387, 'se': 0.0016477041337174098, 'confidence_interval': (0.10575484125375854, 0.1122140970922892), 't_stat': '-', 'p_t': '-'}, 'beta2': {'estimate': 48.378859564741994, 'se': 2.08075102988124, 'confidence_interval': (44.30042613629429, 52.4572929931897), 't_stat': 23.25067193046313, 'p_t': '-'}, 'breakpoint2': {'estimate': 0.36267106597797355, 'se': 0.003174521181942531, 'confidence_interval': (0.35644875820456895, 0.36889337375137815), 't_stat': '-', 'p_t': '-'}, 'beta3': {'estimate': 97.00427815006461, 'se': 3.680228711532257, 'confidence_interval': (89.79074438946719, 104.21781191066202), 't_stat': 26.358220032927527, 'p_t': '-'}, 'breakpoint3': {'estimate': 0.472384923723811, 'se': 0.001966204719930108, 'confidence_interval': (0.4685310099485564, 0.47623883749906565), 't_stat': '-', 'p_t': '-'}, 'beta4': {'estimate': 151.95500881146484, 'se': 4.681127557246741, 'confidence_interval': (142.77963567064631, 161.13038195228336), 't_stat': 32.461198066740764, 'p_t': '-'}, 'breakpoint4': {'estimate': 0.5523184718067072, 'se': 0.0013394702226619825, 'confidence_interval': (0.5496930062637072, 0.5549439373497073), 't_stat': '-', 'p_t': '-'}, 'beta5': {'estimate': 305.30592009356303, 'se': 4.2431068910778675, 'confidence_interval': (296.9891014369665, 313.62273875015956), 't_stat': 71.95338885653356, 'p_t': '-'}, 'breakpoint5': {'estimate': 0.6228037748266457, 'se': 0.0006048549563114274, 'confidence_interval': (0.6216182121919255, 0.623989337461366), 't_stat': '-', 'p_t': '-'}, 'alpha1': {'estimate': 158.10811994549402, 'se': 1.9046475877951852, 'confidence_interval': (154.37486292438876, 161.84137696659928), 't_stat': 83.01174503810417, 'p_t': 0.0}, 'alpha2': {'estimate': 66.65898806816173, 'se': 0.5714786277627051, 'confidence_interval': (65.53884562649543, 67.77913050982804), 't_stat': 116.6430113565691, 'p_t': 0.0}, 'alpha3': {'estimate': 115.03784763290372, 'se': 2.000734121856849, 'confidence_interval': (111.116253551327, 118.95944171448043), 't_stat': 57.497818613769105, 'p_t': 0.0}, 'alpha4': {'estimate': 212.04212578296833, 'se': 3.088874607818206, 'confidence_interval': (205.98769193870004, 218.09655962723662), 't_stat': 68.64704874916954, 'p_t': 0.0}, 'alpha5': {'estimate': 363.9971345944332, 'se': 3.517358222358201, 'confidence_interval': (357.10283962695223, 370.89142956191415), 't_stat': 103.48594359274345, 'p_t': 0.0}, 'alpha6': {'estimate': 669.3030546879962, 'se': 2.3732145340701076, 'confidence_interval': (664.6513701040977, 673.9547392718947), 't_stat': 282.02383100196545, 'p_t': 0.0}}, 'bic': 51778.322919882645, 'rss': 247549.43496716206, 'converged': True}",0.991582,"[107,106,101,100]",2024-02-23,"Good, no wrinkles"
10_6_day1,10,,1,0,0,1,1,0,failed,0,"[99, 86, 98, 120]",2024-02-28,"Volume exceeded 1000uL, wrinkles"
10_6_day2,10,,1,0,0,2,1,0,failed,0,"[76, 76, 62, 130, 156]",2024-02-29,"Volume exceeded 1000uL, wrinkles, fragile"
10_6_day3,10,,1,0,0,3,1,1,"{'estimates': {'const': {'estimate': 0.0663666256481126, 'se': 0.35833099624514886, 'confidence_interval': (-0.6359769669371783, 0.7687102182334035), 't_stat': 0.18521039581713575, 'p_t': 0.8530652414107939}, 'beta1': {'estimate': 228.91657210183368, 'se': 4.188477344712166, 'confidence_interval': (220.7069830443058, 237.12616115936157), 't_stat': 54.65388809869877, 'p_t': '-'}, 'breakpoint1': {'estimate': 0.5542193514274092, 'se': 0.0027739910568545384, 'confidence_interval': (0.5487822140737157, 0.5596564887811026), 't_stat': '-', 'p_t': '-'}, 'beta2': {'estimate': -969.4502452214882, 'se': 23.811327512360823, 'confidence_interval': (-1016.121433269689, -922.7790571732875), 't_stat': -40.71382600227693, 'p_t': '-'}, 'breakpoint2': {'estimate': 0.7848005835396644, 'se': 0.0012150091307083304, 'confidence_interval': (0.7824191153250034, 0.7871820517543254), 't_stat': '-', 'p_t': '-'}, 'beta3': {'estimate': 961.5307716570017, 'se': 43.41098105548958, 'confidence_interval': (876.4434509628536, 1046.6180923511497), 't_stat': 22.14948264882418, 'p_t': '-'}, 'breakpoint3': {'estimate': 0.8760421974087986, 'se': 0.002249546650932199, 'confidence_interval': (0.8716329928100901, 0.8804514020075072), 't_stat': '-', 'p_t': '-'}, 'beta4': {'estimate': 308.78502987918046, 'se': 105.95095116583053, 'confidence_interval': (101.11677773409252, 516.4532820242684), 't_stat': 2.9144148918104706, 'p_t': '-'}, 'breakpoint4': {'estimate': 0.9555348827989897, 'se': 0.008125765366072407, 'confidence_interval': (0.9396080461604758, 0.9714617194375036), 't_stat': '-', 'p_t': '-'}, 'beta5': {'estimate': -447.6882358789007, 'se': 99.59491618448948, 'confidence_interval': (-642.8983962312853, -252.478075526516), 't_stat': -4.495091245918654, 'p_t': '-'}, 'breakpoint5': {'estimate': 0.9833062318265374, 'se': 0.004100496919861927, 'confidence_interval': (0.9752690880453434, 0.9913433756077314), 't_stat': '-', 'p_t': '-'}, 'alpha1': {'estimate': 51.54371800945002, 'se': 1.1008526651405706, 'confidence_interval': (49.38600119498567, 53.70143482391437), 't_stat': 46.82163166936447, 'p_t': 0.0}, 'alpha2': {'estimate': 280.4602901112837, 'se': 4.041220839897267, 'confidence_interval': (272.53932990168414, 288.3812503208833), 't_stat': 69.39989206786663, 'p_t': 0.0}, 'alpha3': {'estimate': -688.9899551102045, 'se': 23.465886985666902, 'confidence_interval': (-734.9840654199872, -642.9958448004218), 't_stat': -29.36134293713438, 'p_t': 6.68025966312509e-187}, 'alpha4': {'estimate': 272.54081654679715, 'se': 36.52212239418703, 'confidence_interval': (200.95594412447377, 344.1256889691205), 't_stat': 7.462348808900973, 'p_t': 8.724741412774748e-14}, 'alpha5': {'estimate': 581.3258464259776, 'se': 99.45722009370786, 'confidence_interval': (386.3855761140803, 776.2661167378749), 't_stat': 5.8449838621897605, 'p_t': 5.117432960341819e-09}, 'alpha6': {'estimate': 133.63761054707692, 'se': 5.235331988252653, 'confidence_interval': (123.37614303369865, 143.89907806045517), 't_stat': 25.526100512238934, 'p_t': 3.1128245232028823e-142}}, 'bic': 192916.90251440156, 'rss': 16524589.920942575, 'converged': True}",0.605111,"[74, 76, 121, 119, 113]",2024-03-01,"Volume exceeded 1000uL, half transferred and half poured, transferred good but poured wrinkles, tested on transferred"
12_7_1,12,11.1,1,0,1,0,1,1,"{'estimates': {'const': {'estimate': 0.396740744279344, 'se': 0.23603582397128417, 'confidence_interval': (-0.06590075510002458, 0.8593822436587126), 't_stat': 1.6808497015589083, 'p_t': 0.09280314645512922}, 'beta1': {'estimate': -40.72291600030634, 'se': 5.263561512457405, 'confidence_interval': (-51.03974820495968, -30.406083795653004), 't_stat': -7.736760728249567, 'p_t': '-'}, 'breakpoint1': {'estimate': 0.36400092688187546, 'se': 0.01035347633479829, 'confidence_interval': (0.34370761828689445, 0.3842942354768565), 't_stat': '-', 'p_t': '-'}, 'beta2': {'estimate': 143.11653889735484, 'se': 30.109752700621577, 'confidence_interval': (84.09998411771991, 202.13309367698977), 't_stat': 4.75316221691852, 'p_t': '-'}, 'breakpoint2': {'estimate': 0.48272732759962755, 'se': 0.004949710850467856, 'confidence_interval': (0.4730256576970395, 0.4924289975022156), 't_stat': '-', 'p_t': '-'}, 'beta3': {'estimate': 279.6423550535146, 'se': 30.23173219612274, 'confidence_interval': (220.3867146311043, 338.897995475925), 't_stat': 9.2499613730165, 'p_t': '-'}, 'breakpoint3': {'estimate': 0.5194705654791361, 'se': 0.0026372417557759503, 'confidence_interval': (0.5143014455566174, 0.5246396854016547), 't_stat': '-', 'p_t': '-'}, 'beta4': {'estimate': -1016.1840244921632, 'se': 19.055470507317402, 'confidence_interval': (-1053.533657690034, -978.8343912942923), 't_stat': -53.32767952919048, 'p_t': '-'}, 'breakpoint4': {'estimate': 0.6334083069825717, 'se': 0.0007451698574652203, 'confidence_interval': (0.6319477384368751, 0.6348688755282682), 't_stat': '-', 'p_t': '-'}, 'beta5': {'estimate': 1455.4205823039197, 'se': 24.925378996157388, 'confidence_interval': (1406.5656478394624, 1504.275516768377), 't_stat': 58.391111426161025, 'p_t': '-'}, 'breakpoint5': {'estimate': 0.7076183858210727, 'se': 0.0008624869113051973, 'confidence_interval': (0.7059278702411587, 0.7093089014009868), 't_stat': '-', 'p_t': '-'}, 'alpha1': {'estimate': 99.27165357491594, 'se': 1.084490307612923, 'confidence_interval': (97.14600072470506, 101.39730642512683), 't_stat': 91.53761253378397, 'p_t': 0.0}, 'alpha2': {'estimate': 58.5487375746096, 'se': 5.150627201430568, 'confidence_interval': (48.45326201873, 68.6442131304892), 't_stat': 11.367302521593468, 'p_t': 7.063572212860312e-30}, 'alpha3': {'estimate': 201.66527647196443, 'se': 29.665944231129284, 'confidence_interval': (143.51860751012026, 259.8119454338086), 't_stat': 6.797871488626058, 'p_t': 1.0828318606299376e-11}, 'alpha4': {'estimate': 481.30763152547905, 'se': 5.821458962632105, 'confidence_interval': (469.89729364653385, 492.71796940442425), 't_stat': 82.6781799227631, 'p_t': 0.0}, 'alpha5': {'estimate': -534.8763929666841, 'se': 18.14446394362844, 'confidence_interval': (-570.4404097463421, -499.3123761870261), 't_stat': -29.47876523817116, 'p_t': 3.7763280384860714e-188}, 'alpha6': {'estimate': 920.5441893372356, 'se': 17.089556644350036, 'confidence_interval': (887.047841297149, 954.0405373773222), 't_stat': 53.86589064272629, 'p_t': 0.0}}, 'bic': 146634.23807316116, 'rss': 5003393.343977716, 'converged': True}",0.827231,"[115, 122, 125, 125]",2024-03-20,"Overvolume, formula adjusted, no wrinkles, heated for about 1-2 hours during mixing"
12_7_2,12,11.1,1,0,1,0,1,1,"{'estimates': {'const': {'estimate': 0.8052177215939276, 'se': 0.489270995193317, 'confidence_interval': (-0.15377975828212231, 1.7642152014699775), 't_stat': 1.64574996168693, 'p_t': 0.09982714766429478}, 'beta1': {'estimate': -13.080550619450266, 'se': 7.098109485633081, 'confidence_interval': (-26.99322718413576, 0.8321259452352265), 't_stat': -1.8428217606287893, 'p_t': '-'}, 'breakpoint1': {'estimate': 0.1252251287267201, 'se': 0.047111658805103325, 'confidence_interval': (0.03288374223389674, 0.21756651521954345), 't_stat': '-', 'p_t': '-'}, 'beta2': {'estimate': 194.72065013124543, 'se': 15.267471271458046, 'confidence_interval': (164.7955848458544, 224.64571541663648), 't_stat': 12.753955561407752, 'p_t': '-'}, 'breakpoint2': {'estimate': 0.4465970422069467, 'se': 0.003354659844681902, 'confidence_interval': (0.4400217283859829, 0.45317235602791045), 't_stat': '-', 'p_t': '-'}, 'beta3': {'estimate': 341.8830554694491, 'se': 32.8878900353988, 'confidence_interval': (277.4210211934821, 406.34508974541615), 't_stat': 10.39540861701569, 'p_t': '-'}, 'breakpoint3': {'estimate': 0.5147851442917929, 'se': 0.00277173156778174, 'confidence_interval': (0.50935240126286, 0.5202178873207258), 't_stat': '-', 'p_t': '-'}, 'beta4': {'estimate': -700.0978270797452, 'se': 29.26965396486116, 'confidence_interval': (-757.4679239481592, -642.7277302113313), 't_stat': -23.91889661286148, 'p_t': '-'}, 'breakpoint4': {'estimate': 0.5590908171019688, 'se': 0.001193116016387107, 'confidence_interval': (0.5567522455043149, 0.5614293886996228), 't_stat': '-', 'p_t': '-'}, 'beta5': {'estimate': 1020.3379852254186, 'se': 20.827877767915584, 'confidence_interval': (979.5142239830308, 1061.1617464678063), 't_stat': 48.9890519137386, 'p_t': '-'}, 'breakpoint5': {'estimate': 0.919257452693273, 'se': 0.0012850653726078447, 'confidence_interval': (0.9167386554093261, 0.9217762499772199), 't_stat': '-', 'p_t': '-'}, 'alpha1': {'estimate': 97.54542105112934, 'se': 6.9016228838583435, 'confidence_interval': (84.01786879951892, 111.07297330273975), 't_stat': 14.13369329107659, 'p_t': 3.44179834895706e-45}, 'alpha2': {'estimate': 84.46487043167907, 'se': 1.658541479444289, 'confidence_interval': (81.21403988034315, 87.715700983015), 't_stat': 50.927198070427444, 'p_t': 0.0}, 'alpha3': {'estimate': 279.1855205629245, 'se': 15.177118276726967, 'confidence_interval': (249.43755200940112, 308.93348911644796), 't_stat': 18.39516010038847, 'p_t': 4.234179491105263e-75}, 'alpha4': {'estimate': 621.0685760323736, 'se': 29.17650410509663, 'confidence_interval': (563.8810579018015, 678.2560941629457), 't_stat': 21.28660012848776, 'p_t': 1.0411134375936926e-99}, 'alpha5': {'estimate': -79.02925104737164, 'se': 2.333291972298723, 'confidence_interval': (-83.60262887526717, -74.45587321947612), 't_stat': -33.87027941021597, 'p_t': 3.382513567626497e-246}, 'alpha6': {'estimate': 941.308734178047, 'se': 20.696768851374806, 'confidence_interval': (900.7419534674852, 981.8755148886087), 't_stat': 45.480951202463636, 'p_t': 0.0}}, 'bic': 148095.8749044767, 'rss': 7148044.272851494, 'converged': True}",0.749357,"[108,112,116,115]",2024-03-20,"Overvolume, formula adjusted, no wrinkles, heated for about 1-2 hours during mixing"
12_8,12,11.1,1,0,1,1,1,,,,,2024-03-28,"Overvolume, no wrinkles"
17_8,17,17,1,0,1,1,1,,,,,2024-03-28,"Slightly overvolume, no wrinkles, could be due to thermal expansion"
