I-16-2,,I-16-3,,I-16-1,,PES0.45-1(5),,PES0.45-2(5),,PES0.45-3(5),,PVDF0.2-1(3),,PVDF0.2-2(3),,PVDF0.2-3(3),,PVDF0.45-1(4),,PVDF0.45-2(4),,PVDF0.45-3(4),,PVDF5-1(6),,PVDF5-2(6),,PVDF5-3(6),,PW-1,,PW-2,,PW-3,,Sartorius_CelluloseNitrate0.45-1(2),,Sartorius_CelluloseNitrate0.45-2(2),,Sartorius_CelluloseNitrate0.45-3(2),,Sartorius_CelluloseNitrate5-1(1),,Sartorius_CelluloseNitrate5-2(1),,Sartorius_CelluloseNitrate5-3(1),
V,µA,V,µA,V,µA,V,µA,V,µA,V,µA,V,µA,V,µA,V,µA,V,µA,V,µA,V,µA,V,µA,V,µA,V,µA,V,µA,V,µA,V,µA,V,µA,V,µA,V,µA,V,µA,V,µA,V,µA
-1.00004,-1345.23,-1.00004,-1301.22,-1.00004,-884.751,-1.00004,-1716.98,-1.00004,-1795.37,-1.00004,-1937.99,-1.00004,-1048.35,-1.00004,-2234.68,-1.00004,-1965.03,-1.00004,-1752.12,-1.00004,-1789.51,-1.00004,-1577.93,-1.00004,-1019.17,-1.00004,-868.968,-1.00004,-1033.62,-1.00004,-1289.83,-1.00004,-753,-1.00004,-1149.54,-1.00004,-1958.74,-1.00004,-2082.38,-1.00004,-2124.1,-1.00004,-1257.02,-1.00004,-937.823,-1.00004,-1282.29
-0.990043,-1289.16,-0.990043,-1246.05,-0.990043,-854.472,-0.990043,-1665.34,-0.990043,-1730.66,-0.990043,-1868.18,-0.990043,-1004.53,-0.990043,-2149.8,-0.990043,-1887.88,-0.990043,-1686.03,-0.990043,-1724.18,-0.990043,-1517.18,-0.990043,-973.252,-0.990043,-832.299,-0.990043,-988.034,-0.990043,-1258.21,-0.990043,-725.916,-0.990043,-1097.52,-0.990043,-1882.25,-0.990043,-2007.95,-0.990043,-2046.85,-0.990043,-1196.84,-0.990043,-893.954,-0.990043,-1220.45
-0.980042,-1238.99,-0.980042,-1195.84,-0.980042,-825.337,-0.980042,-1613.89,-0.980042,-1671.49,-0.980042,-1804.24,-0.980042,-969.867,-0.980042,-2073.22,-0.980042,-1819.21,-0.980042,-1623.47,-0.980042,-1662.19,-0.980042,-1462.3,-0.980042,-933.674,-0.980042,-798.204,-0.980042,-947.217,-0.980042,-1214.34,-0.980042,-700.453,-0.980042,-1060.32,-0.980042,-1811.96,-0.980042,-1940.42,-0.980042,-1976.95,-0.980042,-1140.1,-0.980042,-853.327,-0.980042,-1161.84
-0.970043,-1190.83,-0.970043,-1147.63,-0.970043,-796.965,-0.970043,-1549.94,-0.970043,-1604.4,-0.970043,-1746.69,-0.970043,-936.44,-0.970043,-2000.17,-0.970043,-1753.93,-0.970043,-1563.1,-0.970043,-1604.97,-0.970043,-1410.94,-0.970043,-893.048,-0.970043,-766.781,-0.970043,-908.497,-0.970043,-1158.07,-0.970043,-675.991,-0.970043,-1016.07,-0.970043,-1741.87,-0.970043,-1876.43,-0.970043,-1909.43,-0.970043,-1085.69,-0.970043,-813.988,-0.970043,-1109.63
-0.960043,-1144.77,-0.960043,-1097.85,-0.960043,-768.259,-0.960043,-1496.54,-0.960043,-1548.65,-0.960043,-1689.85,-0.960043,-904.015,-0.960043,-1929.89,-0.960043,-1691.42,-0.960043,-1500.21,-0.960043,-1548.75,-0.960043,-1362.4,-0.960043,-852.183,-0.960043,-733.831,-0.960043,-871.399,-0.960043,-1120.93,-0.960043,-653.77,-0.960043,-972.346,-0.960043,-1672.15,-0.960043,-1814.59,-0.960043,-1844.34,-0.960043,-1031.9,-0.960043,-774.076,-0.960043,-1055.84
-0.950043,-1097.56,-0.950043,-1048.35,-0.950043,-738.123,-0.950043,-1441.17,-0.950043,-1495.63,-0.950043,-1634.34,-0.950043,-870.303,-0.950043,-1859.17,-0.950043,-1628.91,-0.950043,-1437.12,-0.950043,-1492.67,-0.950043,-1312.43,-0.950043,-810.888,-0.950043,-698.259,-0.950043,-833.968,-0.950043,-1076.44,-0.950043,-630.167,-0.950043,-945.93,-0.950043,-1600.49,-0.950043,-1752.41,-0.950043,-1778.54,-0.950043,-977.353,-0.950043,-731.543,-0.950043,-1003.96
-0.940042,-1050.02,-0.940042,-999.288,-0.940042,-708.225,-0.940042,-1386.67,-0.940042,-1436.6,-0.940042,-1578.27,-0.940042,-836.638,-0.940042,-1788.74,-0.940042,-1566.77,-0.940042,-1372.94,-0.940042,-1436.36,-0.940042,-1263.12,-0.940042,-767.83,-0.940042,-660.875,-0.940042,-796.536,-0.940042,-1032.05,-0.940042,-606.277,-0.940042,-898.388,-0.940042,-1526.86,-0.940042,-1689.99,-0.940042,-1712.83,-0.940042,-922.135,-0.940042,-687.149,-0.940042,-950.603
-0.930042,-1002.43,-0.930042,-947.837,-0.930042,-677.469,-0.930042,-1331.84,-0.930042,-1371.65,-0.930042,-1519.28,-0.930042,-805.357,-0.930042,-1717.84,-0.930042,-1504.45,-0.930042,-1305.61,-0.930042,-1379.95,-0.930042,-1213.82,-0.930042,-723.913,-0.930042,-620.534,-0.930042,-758.913,-0.930042,-986.365,-0.930042,-582.054,-0.930042,-854.71,-0.930042,-1452.57,-0.930042,-1626.19,-0.930042,-1647.41,-0.930042,-866.059,-0.930042,-640.991,-0.930042,-898.245
-0.920043,-953.273,-0.920043,-897.816,-0.920043,-645.997,-0.920043,-1271.94,-0.920043,-1316.05,-0.920043,-1466.59,-0.920043,-772.026,-0.920043,-1645.88,-0.920043,-1441.84,-0.920043,-1236.23,-0.920043,-1323.44,-0.920043,-1164.13,-0.920043,-679.042,-0.920043,-578.144,-0.920043,-721.1,-0.920043,-934.247,-0.920043,-557.115,-0.920043,-788.763,-0.920043,-1377.23,-0.920043,-1562.2,-0.920043,-1581.7,-0.920043,-810.125,-0.920043,-593.116,-0.920043,-843.791
-0.910043,-903.777,-0.910043,-846.985,-0.910043,-614.479,-0.910043,-1213.77,-0.910043,-1255.35,-0.910043,-1409.46,-0.910043,-738.743,-0.910043,-1574.4,-0.910043,-1379.33,-0.910043,-1166.51,-0.910043,-1265.89,-0.910043,-1115.02,-0.910043,-634.124,-0.910043,-533.607,-0.910043,-683.858,-0.910043,-886.992,-0.910043,-531.795,-0.910043,-751.617,-0.910043,-1302.32,-0.910043,-1497.2,-0.910043,-1517.28,-0.910043,-754.097,-0.910043,-543.525,-0.910043,-790.337
-0.900043,-853.137,-0.900043,-795.248,-0.900043,-582.817,-0.900043,-1135.38,-0.900043,-1195.13,-0.900043,-1352.63,-0.900043,-706.89,-0.900043,-1501.83,-0.900043,-1315.72,-0.900043,-1098.33,-0.900043,-1208.33,-0.900043,-1064.71,-0.900043,-587.919,-0.900043,-489.69,-0.900043,-645.807,-0.900043,-838.021,-0.900043,-505.235,-0.900043,-710.466,-0.900043,-1227.22,-0.900043,-1431.64,-0.900043,-1451.24,-0.900043,-698.307,-0.900043,-493.075,-0.900043,-735.453
-0.890121,-802.496,-0.890121,-743.416,-0.890121,-552.442,-0.890121,-1091.51,-0.890121,-1135.85,-0.890121,-1294.16,-0.890121,-674.512,-0.890121,-1429.59,-0.890121,-1252.49,-0.890121,-1029.9,-0.890121,-1150.21,-0.890121,-1014.59,-0.890121,-543.572,-0.890121,-445.01,-0.890121,-607.517,-0.890121,-787.428,-0.890121,-479.056,-0.890121,-672.796,-0.890121,-1153.69,-0.890121,-1366.17,-0.890121,-1384.67,-0.890121,-643.089,-0.890121,-442.578,-0.890121,-681.999
-0.88012,-753.382,-0.88012,-691.488,-0.88012,-522.735,-0.88012,-1034.53,-0.88012,-1076.34,-0.88012,-1237.42,-0.88012,-642.374,-0.88012,-1357.63,-0.88012,-1189.74,-0.88012,-963.62,-0.88012,-1092.61,-0.88012,-964.335,-0.88012,-495.316,-0.88012,-401.665,-0.88012,-569.751,-0.88012,-739.983,-0.88012,-453.355,-0.88012,-632.026,-0.88012,-1082.07,-0.88012,-1300.79,-0.88012,-1317.82,-0.88012,-588.634,-0.88012,-393.702,-0.88012,-630.119
-0.87012,-704.506,-0.87012,-641.134,-0.87012,-494.363,-0.87012,-963.763,-0.87012,-1018.79,-0.87012,-1180.25,-0.87012,-610.759,-0.87012,-1285.96,-0.87012,-1127.37,-0.87012,-898.579,-0.87012,-1035.67,-0.87012,-914.649,-0.87012,-451.638,-0.87012,-361.229,-0.87012,-532.51,-0.87012,-687.626,-0.87012,-427.319,-0.87012,-590.732,-0.87012,-1012.07,-0.87012,-1236.23,-0.87012,-1251.01,-0.87012,-536.563,-0.87012,-347.878,-0.87012,-579.479
-0.860121,-657.489,-0.860121,-595.596,-0.860121,-466.706,-0.860121,-912.932,-0.860121,-958.566,-0.860121,-1124.17,-0.860121,-579.431,-0.860121,-1216.15,-0.860121,-1066.57,-0.860121,-836.352,-0.860121,-979.785,-0.860121,-866.679,-0.860121,-413.968,-0.860121,-323.893,-0.860121,-496.509,-0.860121,-649.812,-0.860121,-402.333,-0.860121,-545.241,-0.860121,-944.547,-0.860121,-1172.62,-0.860121,-1186.64,-0.860121,-486.686,-0.860121,-305.105,-0.860121,-531.27
-0.850121,-610.998,-0.850121,-550.153,-0.850121,-439.527,-0.850121,-864.581,-0.850121,-905.064,-0.850121,-1067.48,-0.850121,-548.436,-0.850121,-1146.39,-0.850121,-1005.72,-0.850121,-775.316,-0.850121,-924.519,-0.850121,-818.041,-0.850121,-375.01,-0.850121,-289.37,-0.850121,-460.793,-0.850121,-602.844,-0.850121,-377.537,-0.850121,-502.469,-0.850121,-878.79,-0.850121,-1109.15,-0.850121,-1121.74,-0.850121,-439.336,-0.850121,-265.671,-0.850121,-484.731
-0.84012,-566.08,-0.84012,-506.331,-0.84012,-413.777,-0.84012,-813.559,-0.84012,-850.371,-0.84012,-1011.73,-0.84012,-517.299,-0.84012,-1078.59,-0.84012,-946.883,-0.84012,-717.237,-0.84012,-869.921,-0.84012,-770.548,-0.84012,-338.151,-0.84012,-257.994,-0.84012,-426.222,-0.84012,-556.495,-0.84012,-353.171,-0.84012,-464.608,-0.84012,-816.229,-0.84012,-1046.83,-0.84012,-1058.65,-0.84012,-394.894,-0.84012,-230.337,-0.84012,-440.289
-0.83012,-523.355,-0.83012,-463.941,-0.83012,-388.361,-0.83012,-762.108,-0.83012,-798.347,-0.83012,-956.515,-0.83012,-489.118,-0.83012,-1012.69,-0.83012,-889.758,-0.83012,-662.448,-0.83012,-816.611,-0.83012,-724.056,-0.83012,-302.912,-0.83012,-229.336,-0.83012,-393.178,-0.83012,-520.923,-0.83012,-329.854,-0.83012,-427.796,-0.83012,-757.053,-0.83012,-985.841,-0.83012,-996.617,-0.83012,-353.266,-0.83012,-198.532,-0.83012,-397.946
-0.82012,-482.203,-0.82012,-424.172,-0.82012,-364.186,-0.82012,-712.421,-0.82012,-746.325,-0.82012,-902.823,-0.82012,-461.461,-0.82012,-948.886,-0.82012,-834.349,-0.82012,-611.236,-0.82012,-765.255,-0.82012,-678.518,-0.82012,-269.772,-0.82012,-203.777,-0.82012,-361.229,-0.82012,-482.49,-0.82012,-307.776,-0.82012,-390.316,-0.82012,-700.024,-0.82012,-926.808,-0.82012,-936.154,-0.82012,-315.405,-0.82012,-170.78,-0.82012,-357.844
-0.810121,-443.341,-0.810121,-386.645,-0.810121,-341.298,-0.810121,-664.69,-0.810121,-695.208,-0.810121,-850.037,-0.810121,-434.186,-0.810121,-887.278,-0.810121,-780.609,-0.810121,-562.551,-0.810121,-715.616,-0.810121,-634.744,-0.810121,-239.016,-0.810121,-180.412,-0.810121,-330.76,-0.810121,-443.866,-0.810121,-287.462,-0.810121,-356.509,-0.810121,-646.188,-0.810121,-869.111,-0.810121,-877.598,-0.810121,-279.833,-0.810121,-145.317,-0.810121,-320.508
-0.80012,-405.766,-0.80012,-351.645,-0.80012,-318.696,-0.80012,-618.627,-0.80012,-647.953,-0.80012,-798.634,-0.80012,-407.53,-0.80012,-827.149,-0.80012,-728.109,-0.80012,-516.345,-0.80012,-667.36,-0.80012,-591.59,-0.80012,-209.929,-0.80012,-159.002,-0.80012,-300.957,-0.80012,-410.439,-0.80012,-267.054,-0.80012,-323.082,-0.80012,-594.833,-0.80012,-813.416,-0.80012,-819.758,-0.80012,-247.122,-0.80012,-122.858,-0.80012,-284.601
-0.79012,-369.717,-0.79012,-318.076,-0.79012,-297.714,-0.79012,-574.901,-0.79012,-599.363,-0.79012,-748.518,-0.79012,-381.829,-0.79012,-769.499,-0.79012,-677.183,-0.79012,-473.144,-0.79012,-620.582,-0.79012,-550.248,-0.79012,-183.702,-0.79012,-139.022,-0.79012,-272.633,-0.79012,-378.014,-0.79012,-247.36,-0.79012,-291.325,-0.79012,-546.243,-0.79012,-759.771,-0.79012,-764.826,-0.79012,-216.986,-0.79012,-102.671,-0.79012,-251.747
-0.78012,-336.052,-0.78012,-286.366,-0.78012,-277.21,-0.78012,-533.988,-0.78012,-553.157,-0.78012,-699.404,-0.78012,-357.939,-0.78012,-714.09,-0.78012,-629.404,-0.78012,-432.421,-0.78012,-575.569,-0.78012,-510.194,-0.78012,-158.906,-0.78012,-119.856,-0.78012,-245.977,-0.78012,-349.022,-0.78012,-228.621,-0.78012,-261.284,-0.78012,-500.657,-0.78012,-707.51,-0.78012,-711.802,-0.78012,-189.281,-0.78012,-84.6795,-0.78012,-220.896
-0.77012,-303.675,-0.77012,-256.897,-0.77012,-257.803,-0.77012,-493.695,-0.77012,-513.675,-0.77012,-652.292,-0.77012,-334.145,-0.77012,-660.493,-0.77012,-582.864,-0.77012,-393.893,-0.77012,-532.653,-0.77012,-471.475,-0.77012,-135.112,-0.77012,-102.551,-0.77012,-220.514,-0.77012,-320.174,-0.77012,-210.548,-0.77012,-232.101,-0.77012,-456.883,-0.77012,-657.68,-0.77012,-660.064,-0.77012,-164.533,-0.77012,-69.1631,-0.77012,-192.238
-0.76012,-273.825,-0.76012,-228.907,-0.76012,-239.206,-0.76012,-455.405,-0.76012,-470.139,-0.76012,-606.706,-0.76012,-311.399,-0.76012,-610.044,-0.76012,-538.661,-0.76012,-357.319,-0.76012,-491.74,-0.76012,-435.235,-0.76012,-115.254,-0.76012,-86.4485,-0.76012,-196.911,-0.76012,-292.183,-0.76012,-193.907,-0.76012,-204.969,-0.76012,-416.209,-0.76012,-609.853,-0.76012,-610.998,-0.76012,-141.836,-0.76012,-55.0105,-0.76012,-166.679
-0.750198,-245.024,-0.750198,-202.299,-0.750198,-220.991,-0.750198,-418.545,-0.750198,-428.416,-0.750198,-562.36,-0.750198,-289.942,-0.750198,-560.786,-0.750198,-495.507,-0.750198,-323.512,-0.750198,-452.544,-0.750198,-399.281,-0.750198,-96.7769,-0.750198,-71.4472,-0.750198,-174.022,-0.750198,-268.055,-0.750198,-177.455,-0.750198,-181.032,-0.750198,-377.537,-0.750198,-563.505,-0.750198,-562.932,-0.750198,-121.191,-0.750198,-42.1216,-0.750198,-142.169
-0.740198,-218.13,-0.740198,-177.455,-0.740198,-204.206,-0.740198,-383.45,-0.740198,-392.224,-0.740198,-519.874,-0.740198,-268.532,-0.740198,-513.722,-0.740198,-454.261,-0.740198,-290.752,-0.740198,-414.921,-0.740198,-365.283,-0.740198,-79.8634,-0.740198,-57.5759,-0.740198,-152.708,-0.740198,-243.641,-0.740198,-162.08,-0.740198,-156.999,-0.740198,-341.155,-0.740198,-519.492,-0.740198,-517.585,-0.740198,-102.547,-0.740198,-30.501,-0.740198,-120.187
-0.730198,-193.43,-0.730198,-153.757,-0.730198,-187.469,-0.730198,-350.501,-0.730198,-358.464,-0.730198,-478.818,-0.730198,-248.409,-0.730198,-469.138,-0.730198,-415.16,-0.730198,-260.044,-0.730198,-379.206,-0.730198,-332.715,-0.730198,-64.4996,-0.730198,-44.4295,-0.730198,-132.826,-0.730198,-220.324,-0.730198,-147.575,-0.730198,-135.065,-0.730198,-307.156,-0.730198,-477.149,-0.730198,-474.097,-0.730198,-85.6236,-0.730198,-19.5862,-0.730198,-99.7523
-0.720198,-170.208,-0.720198,-132.251,-0.720198,-171.876,-0.720198,-318.982,-0.720198,-324.513,-0.720198,-439.908,-0.720198,-230.051,-0.720198,-426.461,-0.720198,-377.823,-0.720198,-231.386,-0.720198,-345.446,-0.720198,-301.72,-0.720198,-50.4376,-0.720198,-32.8852,-0.720198,-114.267,-0.720198,-199.2,-0.720198,-133.837,-0.720198,-113.967,-0.720198,-275.017,-0.720198,-437.667,-0.720198,-432.612,-0.720198,-70.8941,-0.720198,-10.283,-0.720198,-81.1699
-0.710198,-149.036,-0.710198,-111.731,-0.710198,-156.673,-0.710198,-289.56,-0.710198,-292.85,-0.710198,-402.094,-0.710198,-211.55,-0.710198,-386.74,-0.710198,-342.633,-0.710198,-204.826,-0.710198,-313.593,-0.710198,-272.728,-0.710198,-38.3831,-0.710198,-21.8035,-0.710198,-97.3777,-0.710198,-178.075,-0.710198,-121.468,-0.710198,-95.4608,-0.710198,-245.214,-0.710198,-399.853,-0.710198,-393.702,-0.710198,-57.3852,-0.710198,-1.31845,-0.710198,-64.9002
-0.700198,-128.644,-0.700198,-92.9621,-0.700198,-142.038,-0.700198,-261.808,-0.700198,-262.381,-0.700198,-366.665,-0.700198,-193.859,-0.700198,-348.45,-0.700198,-308.968,-0.700198,-179.983,-0.700198,-283.695,-0.700198,-244.547,-0.700198,-26.9485,-0.700198,-11.6706,-0.700198,-81.1985,-0.700198,-160.575,-0.700198,-109.189,-0.700198,-78.161,-0.700198,-217.224,-0.700198,-364.138,-0.700198,-356.032,-0.700198,-45.3069,-0.700198,7.00717,-0.700198,-49.4554
-0.690198,-109.852,-0.690198,-75.5909,-0.690198,-128.687,-0.690198,-234.629,-0.690198,-234.533,-0.690198,-331.952,-0.690198,-177.217,-0.690198,-312.544,-0.690198,-277.02,-0.690198,-156.713,-0.690198,-254.894,-0.690198,-218.082,-0.690198,-16.83,-0.690198,-2.15769,-0.690198,-66.2687,-0.690198,-142.377,-0.690198,-97.6781,-0.690198,-61.424,-0.690198,-191.093,-0.690198,-330.378,-0.690198,-320.794,-0.690198,-34.2823,-0.690198,14.8321,-0.690198,-35.608
-0.680198,-93.1815,-0.680198,-59.4642,-0.680198,-115.579,-0.680198,-211.073,-0.680198,-207.687,-0.680198,-299.574,-0.680198,-161.808,-0.680198,-279.118,-0.680198,-247.36,-0.680198,-135.16,-0.680198,-227.858,-0.680198,-192.953,-0.680198,-7.64613,-0.680198,6.75445,-0.680198,-52.6692,-0.680198,-124.176,-0.680198,-86.8538,-0.680198,-46.6706,-0.680198,-167.585,-0.680198,-298.286,-0.680198,-287.271,-0.680198,-24.3402,-0.680198,22.3173,-0.680198,-22.9574
-0.670197,-77.4553,-0.670197,-45.3307,-0.670197,-103.491,-0.670197,-187.565,-0.670197,-183.75,-0.670197,-269.581,-0.670197,-146.549,-0.670197,-247.694,-0.670197,-219.179,-0.670197,-115.741,-0.670197,-202.585,-0.670197,-169.302,-0.670197,0.755787,-0.670197,14.4983,-0.670197,-39.9901,-0.670197,-111.106,-0.670197,-76.5779,-0.670197,-33.3907,-0.670197,-145.269,-0.670197,-268.723,-0.670197,-255.61,-0.670197,-15.8906,-0.670197,28.7818,-0.670197,-11.313
-0.660198,-63.6508,-0.660198,-32.0603,-0.660198,-92.0943,-0.660198,-166.727,-0.660198,-161.291,-0.660198,-240.732,-0.660198,-132.444,-0.660198,-218.941,-0.660198,-193.239,-0.660198,-97.9833,-0.660198,-178.934,-0.660198,-147.653,-0.660198,7.66044,-0.660198,21.8647,-0.660198,-28.7271,-0.660198,-96.4574,-0.660198,-67.456,-0.660198,-21.0262,-0.660198,-125.077,-0.660198,-240.589,-0.660198,-226.57,-0.660198,-7.99899,-0.660198,35.2758,-0.660198,-1.41382
-0.650198,-50.4615,-0.650198,-19.9867,-0.650198,-81.1699,-0.650198,-146.461,-0.650198,-140.167,-0.650198,-213.791,-0.650198,-119.288,-0.650198,-191.618,-0.650198,-168.491,-0.650198,-81.8661,-0.650198,-157.19,-0.650198,-126.698,-0.650198,14.6175,-0.650198,28.9,-0.650198,-17.8314,-0.650198,-83.9833,-0.650198,-58.315,-0.650198,-10.7027,-0.650198,-106.509,-0.650198,-214.22,-0.650198,-199.152,-0.650198,-0.9799,-0.650198,41.5715,-0.650198,8.2994
-0.640198,-38.4594,-0.640198,-8.92882,-0.640198,-71.5712,-0.640198,-127.495,-0.640198,-120.705,-0.640198,-188.328,-0.640198,-106.609,-0.640198,-166.44,-0.640198,-145.46,-0.640198,-66.9124,-0.640198,-136.447,-0.640198,-107.639,-0.640198,20.7351,-0.640198,35.4465,-0.640198,-7.89886,-0.640198,-72.4104,-0.640198,-50.0562,-0.640198,-0.407696,-0.640198,-89.5194,-0.640198,-189.615,-0.640198,-173.879,-0.640198,5.58138,-0.640198,47.3775,-0.640198,16.8205
-0.630198,-28.1025,-0.630198,1.21832,-0.630198,-62.0964,-0.630198,-110.691,-0.630198,-102.885,-0.630198,-164.247,-0.630198,-95.0793,-0.630198,-143.457,-0.630198,-124.219,-0.630198,-53.2605,-0.630198,-117.367,-0.630198,-89.9437,-0.630198,26.4052,-0.630198,41.7384,-0.630198,0.884533,-0.630198,-61.1236,-0.630198,-42.4744,-0.630198,8.70948,-0.630198,-74.4703,-0.630198,-166.631,-0.630198,-150.037,-0.630198,11.6675,-0.630198,53.2961,-0.630198,24.7601
-0.620197,-18.3511,-0.620197,9.8062,-0.620197,-53.6849,-0.620197,-94.55,-0.620197,-86.8681,-0.620197,-142.313,-0.620197,-83.8212,-0.620197,-122.169,-0.620197,-104.473,-0.620197,-41.2728,-0.620197,-100.139,-0.620197,-73.5882,-0.620197,31.7825,-0.620197,47.2502,-0.620197,9.19108,-0.620197,-52.1543,-0.620197,-35.2313,-0.620197,16.8968,-0.620197,-60.3941,-0.620197,-145.984,-0.620197,-128.055,-0.620197,16.8665,-0.620197,58.1338,-0.620197,32.1897
-0.610275,-9.94449,-0.610275,18.1032,-0.610275,-45.6979,-0.610275,-80.3068,-0.610275,-72.1815,-0.610275,-121.491,-0.610275,-73.4356,-0.610275,-103.181,-0.610275,-86.4676,-0.610275,-30.2101,-0.610275,-84.2312,-0.610275,-59.1304,-0.610275,36.1036,-0.610275,52.7634,-0.610275,16.4772,-0.610275,-43.2087,-0.610275,-28.9656,-0.610275,24.6881,-0.610275,-47.8055,-0.610275,-126.503,-0.610275,-108.059,-0.610275,21.8914,-0.610275,63.3552,-0.610275,38.4172
-0.600276,-1.76191,-0.600276,25.5235,-0.600276,-38.1161,-0.600276,-66.9172,-0.600276,-58.6536,-0.600276,-102.504,-0.600276,-63.8702,-0.600276,-85.4376,-0.600276,-69.6209,-0.600276,-20.249,-0.600276,-70.031,-0.600276,-45.2783,-0.600276,40.7704,-0.600276,57.8525,-0.600276,23.6638,-0.600276,-34.9642,-0.600276,-22.5521,-0.600276,31.3004,-0.600276,-36.3661,-0.600276,-108.698,-0.600276,-89.6672,-0.600276,26.4076,-0.600276,68.2333,-0.600276,44.6743
-0.590276,5.67198,-0.590276,32.3004,-0.590276,-31.6741,-0.590276,-54.629,-0.590276,-46.4894,-0.590276,-84.7891,-0.590276,-54.6529,-0.590276,-69.4445,-0.590276,-54.0282,-0.590276,-11.0364,-0.590276,-56.6747,-0.590276,-32.9043,-0.590276,44.9395,-0.590276,62.6972,-0.590276,30.1393,-0.590276,-27.7782,-0.590276,-16.7919,-0.590276,37.4989,-0.590276,-25.909,-0.590276,-92.5282,-0.590276,-73.0255,-0.590276,30.805,-0.590276,72.9063,-0.590276,50.1728
-0.580276,11.9424,-0.580276,38.7262,-0.580276,-25.1413,-0.580276,-43.8716,-0.580276,-35.4458,-0.580276,-68.3477,-0.580276,-46.6039,-0.580276,-55.0391,-0.580276,-40.0425,-0.580276,-2.52962,-0.580276,-44.6345,-0.580276,-21.4602,-0.580276,48.8324,-0.580276,67.8041,-0.580276,35.9982,-0.580276,-20.7449,-0.580276,-11.3416,-0.580276,43.24,-0.580276,-16.7871,-0.580276,-77.4363,-0.580276,-57.5283,-0.580276,35.0565,-0.580276,77.6556,-0.580276,55.6161
-0.570275,18.1115,-0.570275,44.0845,-0.570275,-19.3335,-0.570275,-33.6291,-0.570275,-25.8423,-0.570275,-53.6754,-0.570275,-38.674,-0.570275,-41.9213,-0.570275,-27.0487,-0.570275,4.90427,-0.570275,-33.8532,-0.570275,-10.9601,-0.570275,52.9098,-0.570275,72.0671,-0.570275,41.6097,-0.570275,-14.9751,-0.570275,-6.19173,-0.570275,48.5296,-0.570275,-7.96561,-0.570275,-64.2993,-0.570275,-43.3613,-0.570275,38.6108,-0.570275,81.642,-0.570275,60.7517
-0.560275,23.2314,-0.560275,49.3307,-0.560275,-13.8498,-0.560275,-24.6216,-0.560275,-16.7919,-0.560275,-40.0855,-0.560275,-31.3689,-0.560275,-30.6679,-0.560275,-15.5902,-0.560275,11.8137,-0.560275,-24.0685,-0.560275,-2.1863,-0.560275,55.9499,-0.560275,76.2871,-0.560275,46.3924,-0.560275,-9.45334,-0.560275,-1.95742,-0.560275,52.8121,-0.560275,-0.197887,-0.560275,-51.9206,-0.560275,-31.1876,-0.560275,42.1428,-0.560275,85.8096,-0.560275,64.862
-0.550276,28.5476,-0.550276,54.2359,-0.550276,-8.52828,-0.550276,-16.1243,-0.550276,-8.57596,-0.550276,-27.7735,-0.550276,-24.7217,-0.550276,-19.8532,-0.550276,-4.6277,-0.550276,18.1936,-0.550276,-15.5187,-0.550276,6.61616,-0.550276,59.593,-0.550276,80.4785,-0.550276,51.3706,-0.550276,-4.22716,-0.550276,2.6753,-0.550276,57.6332,-0.550276,7.06916,-0.550276,-40.6577,-0.550276,-19.6386,-0.550276,45.4897,-0.550276,89.9485,-0.550276,69.4206
-0.540276,33.4758,-0.540276,58.8443,-0.540276,-4.16994,-0.540276,-8.26602,-0.540276,-1.16587,-0.540276,-16.3198,-0.540276,-18.3797,-0.540276,-10.264,-0.540276,5.38588,-0.540276,24.2861,-0.540276,-7.32665,-0.540276,14.4125,-0.540276,62.8164,-0.540276,84.5173,-0.540276,56.0166,-0.540276,0.560284,-0.540276,6.80616,-0.540276,62.0058,-0.540276,13.8975,-0.540276,-30.4581,-0.540276,-9.43427,-0.540276,48.7966,-0.540276,93.8968,-0.540276,73.5643
-0.530275,37.5618,-0.530275,63.2885,-0.530275,0.369549,-0.530275,-1.58548,-0.530275,5.71012,-0.530275,-5.80549,-0.530275,-12.9009,-0.530275,-1.79052,-0.530275,14.1788,-0.530275,29.9562,-0.530275,-0.0357628,-0.530275,21.5057,-0.530275,65.9874,-0.530275,88.6467,-0.530275,60.1985,-0.530275,5.26931,-0.530275,10.597,-0.530275,66.6978,-0.530275,19.677,-0.530275,-21.0024,-0.530275,0.0596046,-0.530275,52.2747,-0.530275,97.845,-0.530275,77.5126
-0.520275,41.7232,-0.520275,66.9696,-0.520275,4.35521,-0.520275,4.99487,-0.520275,11.5324,-0.520275,3.27349,-0.520275,-7.26943,-0.520275,6.01053,-0.520275,22.5521,-0.520275,34.9487,-0.520275,6.54941,-0.520275,28.1781,-0.520275,69.2108,-0.520275,92.0895,-0.520275,64.266,-0.520275,8.97006,-0.520275,14.2844,-0.520275,70.0644,-0.520275,25.6237,-0.520275,-12.9724,-0.520275,8.73809,-0.520275,54.8388,-0.520275,101.149,-0.520275,81.6563
-0.510275,45.1674,-0.510275,70.8082,-0.510275,8.15562,-0.510275,10.7453,-0.510275,17.34,-0.510275,11.8232,-0.510275,-2.31504,-0.510275,12.5814,-0.510275,29.8542,-0.510275,39.7448,-0.510275,12.5807,-0.510275,33.6541,-0.510275,71.6045,-0.510275,95.7707,-0.510275,67.7898,-0.510275,12.9402,-0.510275,17.2466,-0.510275,73.86,-0.510275,30.8922,-0.510275,-5.2762,-0.510275,16.1005,-0.510275,57.6332,-0.510275,104.697,-0.510275,84.8464
-0.500276,48.9563,-0.500276,74.3559,-0.500276,11.9131,-0.500276,16.281,-0.500276,22.5638,-0.500276,19.6625,-0.500276,2.32006,-0.500276,19.142,-0.500276,36.9495,-0.500276,44.2399,-0.500276,17.7859,-0.500276,39.3962,-0.500276,74.7231,-0.500276,99.1754,-0.500276,71.6761,-0.500276,16.6605,-0.500276,20.6245,-0.500276,77.0643,-0.500276,35.9243,-0.500276,1.68085,-0.500276,23.2995,-0.500276,60.2462,-0.500276,108.183,-0.500276,88.6086
-0.490275,52.6046,-0.490275,77.8559,-0.490275,14.8018,-0.490275,21.4771,-0.490275,27.3441,-0.490275,26.904,-0.490275,6.727,-0.490275,25.0152,-0.490275,43.5352,-0.490275,48.6383,-0.490275,23.0707,-0.490275,44.5103,-0.490275,77.3647,-0.490275,102.628,-0.490275,75.3,-0.490275,20.222,-0.490275,23.6333,-0.490275,79.1338,-0.490275,40.8229,-0.490275,7.97515,-0.490275,29.6363,-0.490275,62.9642,-0.490275,111.525,-0.490275,91.8797
-0.480275,55.4873,-0.480275,81.313,-0.480275,18.0534,-0.480275,25.8215,-0.480275,31.9752,-0.480275,33.7547,-0.480275,10.4788,-0.480275,30.2175,-0.480275,49.2501,-0.480275,52.936,-0.480275,27.8014,-0.480275,49.2973,-0.480275,80.0112,-0.480275,106.247,-0.480275,78.6093,-0.480275,23.919,-0.480275,26.4319,-0.480275,83.3586,-0.480275,44.8779,-0.480275,14.0017,-0.480275,35.6292,-0.480275,65.7203,-0.480275,115.025,-0.480275,95.313
-0.470353,58.5821,-0.470353,84.0071,-0.470353,20.8281,-0.470353,30.2437,-0.470353,35.6521,-0.470353,39.462,-0.470353,14.3698,-0.470353,35.0951,-0.470353,54.7323,-0.470353,56.4649,-0.470353,32.0066,-0.470353,53.8459,-0.470353,82.672,-0.470353,109.032,-0.470353,81.8423,-0.470353,26.748,-0.470353,29.1718,-0.470353,85.8525,-0.470353,49.2091,-0.470353,18.8263,-0.470353,41.2134,-0.470353,67.9233,-0.470353,117.658,-0.470353,98.6031
-0.460353,61.2381,-0.460353,87.2162,-0.460353,23.6491,-0.460353,34.254,-0.460353,39.9579,-0.460353,45.2828,-0.460353,18.0224,-0.460353,39.2899,-0.460353,59.8171,-0.460353,60.3225,-0.460353,36.198,-0.460353,57.7381,-0.460353,84.832,-0.460353,112.336,-0.460353,84.8511,-0.460353,30.0778,-0.460353,31.3252,-0.460353,88.9853,-0.460353,53.2822,-0.460353,24.0034,-0.460353,46.1306,-0.460353,70.4649,-0.460353,121.01,-0.460353,101.574
-0.450354,64.3184,-0.450354,90.1249,-0.450354,26.472,-0.450354,38.2351,-0.450354,43.6839,-0.450354,50.4789,-0.450354,21.2901,-0.450354,43.7712,-0.450354,64.7333,-0.450354,63.7653,-0.450354,39.6794,-0.450354,61.9867,-0.450354,87.5071,-0.450354,115.354,-0.450354,88.1318,-0.450354,33.3513,-0.450354,34.027,-0.450354,91.6842,-0.450354,57.1992,-0.450354,28.5939,-0.450354,51.0044,-0.450354,72.6822,-0.450354,124.023,-0.450354,104.816
-0.440353,67.2796,-0.440353,93.1004,-0.440353,28.5286,-0.440353,42.088,-0.440353,47.1224,-0.440353,55.4778,-0.440353,24.5069,-0.440353,47.8205,-0.440353,69.4778,-0.440353,67.3177,-0.440353,43.4879,-0.440353,65.7537,-0.440353,89.9056,-0.440353,118.545,-0.440353,91.317,-0.440353,36.3215,-0.440353,36.343,-0.440353,94.3545,-0.440353,61.0569,-0.440353,32.8654,-0.440353,55.3634,-0.440353,75.0568,-0.440353,127.07,-0.440353,107.873
-0.430353,69.5637,-0.430353,96.095,-0.430353,31.0425,-0.430353,45.2046,-0.430353,50.6134,-0.430353,60.3035,-0.430353,27.2473,-0.430353,51.3944,-0.430353,73.5167,-0.430353,70.7748,-0.430353,46.8549,-0.430353,69.4254,-0.430353,92.285,-0.430353,121.601,-0.430353,94.1304,-0.430353,39.3485,-0.430353,38.4773,-0.430353,96.6147,-0.430353,64.2135,-0.430353,37.1036,-0.430353,59.6406,-0.430353,77.4792,-0.430353,130.136,-0.430353,110.915
-0.420353,72.1863,-0.420353,98.3695,-0.420353,33.132,-0.420353,48.5606,-0.420353,53.2653,-0.420353,64.3137,-0.420353,30.1813,-0.420353,54.9294,-0.420353,77.6556,-0.420353,73.5929,-0.420353,50.0173,-0.420353,72.954,-0.420353,94.7312,-0.420353,124.133,-0.420353,97.0677,-0.420353,42.1194,-0.420353,40.5964,-0.420353,99.8715,-0.420353,67.6944,-0.420353,40.3809,-0.420353,63.7319,-0.420353,79.315,-0.420353,132.478,-0.420353,114.081
-0.410353,74.3607,-0.410353,101.173,-0.410353,35.3397,-0.410353,51.5103,-0.410353,56.6986,-0.410353,68.6195,-0.410353,32.9746,-0.410353,57.9813,-0.410353,81.3845,-0.410353,76.8307,-0.410353,53.2319,-0.410353,75.9724,-0.410353,96.6958,-0.410353,127.109,-0.410353,99.7285,-0.410353,45.0501,-0.410353,42.3092,-0.410353,102.346,-0.410353,71.0228,-0.410353,44.1293,-0.410353,67.3654,-0.410353,81.6229,-0.410353,135.449,-0.410353,116.675
-0.400353,77.0405,-0.400353,103.753,-0.400353,37.5928,-0.400353,54.7673,-0.400353,59.5834,-0.400353,72.5058,-0.400353,35.4489,-0.400353,61.3525,-0.400353,85.266,-0.400353,79.6965,-0.400353,55.8974,-0.400353,79.439,-0.400353,99.0991,-0.400353,129.874,-0.400353,102.747,-0.400353,47.7023,-0.400353,44.4631,-0.400353,103.92,-0.400353,74.2319,-0.400353,47.5234,-0.400353,71.1706,-0.400353,83.7067,-0.400353,138.205,-0.400353,119.703
-0.390353,79.5391,-0.390353,106.328,-0.390353,39.1687,-0.390353,57.9336,-0.390353,62.5255,-0.390353,76.3062,-0.390353,38.0548,-0.390353,64.4996,-0.390353,89.0234,-0.390353,82.6481,-0.390353,58.9016,-0.390353,82.5242,-0.390353,101.149,-0.390353,132.63,-0.390353,105.646,-0.390353,50.8704,-0.390353,46.2398,-0.390353,107.491,-0.390353,77.4267,-0.390353,50.7588,-0.390353,74.4989,-0.390353,85.8906,-0.390353,140.865,-0.390353,122.631
-0.380353,81.6134,-0.380353,109.17,-0.380353,41.2564,-0.380353,60.456,-0.380353,65.5725,-0.380353,80.1208,-0.380353,40.1501,-0.380353,67.4131,-0.380353,92.3804,-0.380353,85.6474,-0.380353,61.7006,-0.380353,85.6904,-0.380353,103.629,-0.380353,135.425,-0.380353,108.355,-0.380353,53.4989,-0.380353,48.0446,-0.380353,109.485,-0.380353,80.1113,-0.380353,54.0854,-0.380353,78.0657,-0.380353,88.2796,-0.380353,143.86,-0.380353,125.764
-0.370353,83.9451,-0.370353,111.139,-0.370353,42.9277,-0.370353,63.2312,-0.370353,67.7516,-0.370353,83.268,-0.370353,42.5486,-0.370353,70.2312,-0.370353,95.6992,-0.370353,88.1413,-0.370353,64.2517,-0.370353,88.6944,-0.370353,105.999,-0.370353,137.928,-0.370353,111.125,-0.370353,56.0929,-0.370353,49.8018,-0.370353,112.203,-0.370353,83.0964,-0.370353,56.5603,-0.370353,81.4799,-0.370353,89.9867,-0.370353,145.925,-0.370353,128.72
-0.360353,85.8096,-0.360353,113.604,-0.360353,44.7392,-0.360353,65.8062,-0.360353,70.6366,-0.360353,86.7775,-0.360353,44.8202,-0.360353,72.687,-0.360353,98.8463,-0.360353,90.9165,-0.360353,66.9935,-0.360353,91.1883,-0.360353,107.72,-0.360353,140.594,-0.360353,113.643,-0.360353,59.0637,-0.360353,51.0978,-0.360353,113.776,-0.360353,85.9669,-0.360353,59.6311,-0.360353,84.4315,-0.360353,92.2183,-0.360353,148.81,-0.360353,131.233
-0.350353,88.3273,-0.350353,115.951,-0.350353,46.7109,-0.350353,68.5289,-0.350353,73.3593,-0.350353,90.082,-0.350353,46.9212,-0.350353,75.672,-0.350353,102.26,-0.350353,93.3913,-0.350353,69.2108,-0.350353,94.2687,-0.350353,110.314,-0.350353,143.254,-0.350353,116.656,-0.350353,61.4526,-0.350353,52.9077,-0.350353,115.946,-0.350353,88.7612,-0.350353,62.3729,-0.350353,87.6788,-0.350353,94.2925,-0.350353,151.47,-0.350353,134.476
-0.340353,90.7591,-0.340353,118.516,-0.340353,48.0098,-0.340353,71.2898,-0.340353,76.0057,-0.340353,93.3865,-0.340353,49.0894,-0.340353,78.4185,-0.340353,105.679,-0.340353,96.0378,-0.340353,71.924,-0.340353,97.0677,-0.340353,112.431,-0.340353,145.915,-0.340353,119.589,-0.340353,64.5807,-0.340353,54.5384,-0.340353,118.525,-0.340353,91.6556,-0.340353,65.0861,-0.340353,90.6208,-0.340353,96.5241,-0.340353,154.121,-0.340353,137.48
-0.330353,92.6426,-0.330353,121.21,-0.330353,49.7684,-0.330353,73.3688,-0.330353,78.4805,-0.330353,96.691,-0.330353,50.8599,-0.330353,80.8933,-0.330353,108.593,-0.330353,98.8082,-0.330353,74.375,-0.330353,99.8191,-0.330353,114.682,-0.330353,148.872,-0.330353,122.288,-0.330353,67.4942,-0.330353,56.0452,-0.330353,120.914,-0.330353,93.9731,-0.330353,67.8852,-0.330353,93.6345,-0.330353,98.8606,-0.330353,156.959,-0.330353,140.484
-0.320431,94.8409,-0.320431,123.218,-0.320431,51.207,-0.320431,75.8627,-0.320431,80.283,-0.320431,99.3947,-0.320431,52.9744,-0.320431,83.4635,-0.320431,111.678,-0.320431,100.935,-0.320431,76.6781,-0.320431,102.637,-0.320431,117.104,-0.320431,151.07,-0.320431,125.092,-0.320431,69.4921,-0.320431,57.5283,-0.320431,123.17,-0.320431,96.6672,-0.320431,69.9308,-0.320431,96.7197,-0.320431,100.668,-0.320431,159.124,-0.320431,143.66
-0.310431,96.6529,-0.310431,125.769,-0.310431,52.8218,-0.310431,78.1801,-0.310431,83.0868,-0.310431,102.532,-0.310431,55.0057,-0.310431,85.6427,-0.310431,114.615,-0.310431,103.438,-0.310431,79.2101,-0.310431,104.907,-0.310431,118.964,-0.310431,153.716,-0.310431,127.686,-0.310431,72.4628,-0.310431,58.625,-0.310431,125.387,-0.310431,99.1897,-0.310431,72.5582,-0.310431,99.3089,-0.310431,102.976,-0.310431,161.97,-0.310431,146.387
-0.300431,99.1038,-0.300431,128.215,-0.300431,54.5671,-0.300431,80.6263,-0.300431,85.2946,-0.300431,105.451,-0.300431,56.8512,-0.300431,88.3893,-0.300431,117.896,-0.300431,105.784,-0.300431,81.2366,-0.300431,107.773,-0.300431,121.491,-0.300431,156.515,-0.300431,130.818,-0.300431,74.9901,-0.300431,60.2844,-0.300431,127.633,-0.300431,101.755,-0.300431,74.9853,-0.300431,102.337,-0.300431,105.15,-0.300431,164.765,-0.300431,149.668
-0.290431,101.507,-0.290431,130.671,-0.290431,55.6781,-0.290431,83.0964,-0.290431,87.6168,-0.290431,108.607,-0.290431,58.749,-0.290431,90.9546,-0.290431,121.129,-0.290431,108.24,-0.290431,83.7925,-0.290431,110.362,-0.290431,123.857,-0.290431,159.224,-0.290431,133.889,-0.290431,77.9274,-0.290431,61.7006,-0.290431,129.04,-0.290431,104.378,-0.290431,77.36,-0.290431,104.888,-0.290431,107.511,-0.290431,167.554,-0.290431,152.758
-0.280431,103.424,-0.280431,133.393,-0.280431,57.2898,-0.280431,85.0371,-0.280431,90.4301,-0.280431,111.721,-0.280431,60.3702,-0.280431,93.4151,-0.280431,123.952,-0.280431,110.743,-0.280431,86.172,-0.280431,113.037,-0.280431,126.079,-0.280431,162.376,-0.280431,136.788,-0.280431,80.8695,-0.280431,63.0071,-0.280431,131.782,-0.280431,106.519,-0.280431,79.9349,-0.280431,107.859,-0.280431,109.976,-0.280431,170.625,-0.280431,156.053
-0.270431,105.675,-0.270431,135.496,-0.270431,58.5725,-0.270431,87.3736,-0.270431,92.3851,-0.270431,114.191,-0.270431,62.3014,-0.270431,95.8327,-0.270431,126.927,-0.270431,112.751,-0.270431,88.3511,-0.270431,115.66,-0.270431,128.758,-0.270431,164.655,-0.270431,139.735,-0.270431,82.2619,-0.270431,64.3995,-0.270431,134.476,-0.270431,109.017,-0.270431,81.7612,-0.270431,110.72,-0.270431,111.907,-0.270431,172.971,-0.270431,159.238
-0.26043,107.525,-0.26043,138.214,-0.26043,60.065,-0.26043,89.5575,-0.26043,94.9554,-0.26043,117.3,-0.26043,64.0323,-0.26043,98.0214,-0.26043,129.893,-0.26043,115.202,-0.26043,90.8307,-0.26043,117.92,-0.26043,131.104,-0.26043,167.835,-0.26043,142.615,-0.26043,86.0718,-0.26043,65.3865,-0.26043,136.879,-0.26043,112.57,-0.26043,84.2169,-0.26043,113.247,-0.26043,114.358,-0.26043,176.137,-0.26043,162.089
-0.250431,110.028,-0.250431,140.651,-0.250431,61.6577,-0.250431,91.8082,-0.250431,97.4254,-0.250431,120.175,-0.250431,65.8777,-0.250431,100.658,-0.250431,132.993,-0.250431,117.4,-0.250431,92.8429,-0.250431,120.695,-0.250431,133.431,-0.250431,170.592,-0.250431,145.844,-0.250431,88.6992,-0.250431,66.8504,-0.250431,139.072,-0.250431,114.153,-0.250431,86.4771,-0.250431,116.094,-0.250431,116.628,-0.250431,179.113,-0.250431,165.48
-0.240431,112.489,-0.240431,143.283,-0.240431,62.6495,-0.240431,94.2544,-0.240431,99.4328,-0.240431,123.232,-0.240431,67.8709,-0.240431,103.243,-0.240431,136.293,-0.240431,119.823,-0.240431,95.3702,-0.240431,123.313,-0.240431,136.254,-0.240431,173.829,-0.240431,149.081,-0.240431,91.3504,-0.240431,68.1665,-0.240431,141.342,-0.240431,116.661,-0.240431,88.7755,-0.240431,118.707,-0.240431,119.098,-0.240431,182.298,-0.240431,168.641
-0.230431,114.534,-0.230431,146.249,-0.230431,64.204,-0.230431,96.0854,-0.230431,102.108,-0.230431,126.441,-0.230431,69.1631,-0.230431,105.66,-0.230431,139.144,-0.230431,122.278,-0.230431,97.7258,-0.230431,125.95,-0.230431,139.158,-0.230431,177.243,-0.230431,152.147,-0.230431,94.0875,-0.230431,69.4778,-0.230431,144.141,-0.230431,118.683,-0.230431,91.2264,-0.230431,121.706,-0.230431,121.716,-0.230431,185.698,-0.230431,171.836
-0.22043,116.837,-0.22043,148.604,-0.22043,65.4247,-0.22043,97.8784,-0.22043,104.168,-0.22043,129.035,-0.22043,71.0991,-0.22043,108.159,-0.22043,142.239,-0.22043,124.386,-0.22043,100,-0.22043,128.649,-0.22043,141.566,-0.22043,180.004,-0.22043,155.204,-0.22043,96.7387,-0.22043,70.7748,-0.22043,143.598,-0.22043,121.119,-0.22043,92.9812,-0.22043,124.515,-0.22043,123.766,-0.22043,188.354,-0.22043,175.107
-0.21043,118.878,-0.21043,151.628,-0.21043,66.8075,-0.21043,100.439,-0.21043,106.943,-0.21043,132.173,-0.21043,72.954,-0.21043,110.357,-0.21043,145.205,-0.21043,126.894,-0.21043,102.504,-0.21043,130.961,-0.21043,144.232,-0.21043,183.471,-0.21043,158.141,-0.21043,99.3423,-0.21043,71.6331,-0.21043,148.91,-0.21043,123.528,-0.21043,95.3654,-0.21043,127.037,-0.21043,126.298,-0.21043,191.811,-0.21043,177.887
-0.200431,121.463,-0.200431,154.255,-0.200431,68.3715,-0.200431,102.809,-0.200431,108.97,-0.200431,135.005,-0.200431,74.6563,-0.200431,113.085,-0.200431,148.528,-0.200431,129.145,-0.200431,104.573,-0.200431,133.87,-0.200431,146.916,-0.200431,186.699,-0.200431,161.427,-0.200431,102.389,-0.200431,73.1781,-0.200431,151.322,-0.200431,125.974,-0.200431,97.6113,-0.200431,129.879,-0.200431,128.558,-0.200431,195.034,-0.200431,181.168
-0.190431,124.047,-0.190431,157.016,-0.190431,69.2871,-0.190431,105.255,-0.190431,111.611,-0.190431,138.133,-0.190431,76.4301,-0.190431,115.607,-0.190431,151.79,-0.190431,131.534,-0.190431,107.12,-0.190431,136.507,-0.190431,148.314,-0.190431,190.29,-0.190431,164.502,-0.190431,105.322,-0.190431,74.4751,-0.190431,153.854,-0.190431,128.515,-0.190431,99.8477,-0.190431,132.54,-0.190431,130.947,-0.190431,198.196,-0.190431,184.072
-0.180509,126.226,-0.180509,160.096,-0.180509,70.8178,-0.180509,107.21,-0.180509,114.325,-0.180509,141.404,-0.180509,77.9703,-0.180509,118.216,-0.180509,154.784,-0.180509,134.318,-0.180509,109.609,-0.180509,139.44,-0.180509,151.857,-0.180509,193.847,-0.180509,167.425,-0.180509,108.087,-0.180509,75.7578,-0.180509,156.396,-0.180509,130.651,-0.180509,102.384,-0.180509,135.658,-0.180509,133.47,-0.180509,201.658,-0.180509,187.224
-0.170508,128.62,-0.170508,162.6,-0.170508,71.9574,-0.170508,109.499,-0.170508,116.528,-0.170508,144.041,-0.170508,79.8967,-0.170508,120.767,-0.170508,157.912,-0.170508,136.431,-0.170508,111.94,-0.170508,142.205,-0.170508,154.417,-0.170508,196.861,-0.170508,170.286,-0.170508,110.667,-0.170508,77.1025,-0.170508,159.443,-0.170508,133.169,-0.170508,104.163,-0.170508,138.529,-0.170508,135.358,-0.170508,204.132,-0.170508,190.228
-0.160508,130.68,-0.160508,165.599,-0.160508,73.3307,-0.160508,111.745,-0.160508,119.384,-0.160508,147.079,-0.160508,81.7183,-0.160508,123.022,-0.160508,160.902,-0.160508,139.053,-0.160508,114.558,-0.160508,144.671,-0.160508,156.596,-0.160508,200.413,-0.160508,172.885,-0.160508,113.848,-0.160508,78.1467,-0.160508,162.213,-0.160508,135.654,-0.160508,106.624,-0.160508,141.08,-0.160508,137.599,-0.160508,207.208,-0.160508,192.798
-0.150508,133.441,-0.150508,168.293,-0.150508,74.8947,-0.150508,114.143,-0.150508,121.449,-0.150508,150.259,-0.150508,83.4683,-0.150508,125.869,-0.150508,164.178,-0.150508,141.414,-0.150508,116.69,-0.150508,147.732,-0.150508,159.2,-0.150508,203.627,-0.150508,175.851,-0.150508,116.489,-0.150508,79.7251,-0.150508,163.849,-0.150508,138.205,-0.150508,108.927,-0.150508,143.974,-0.150508,139.678,-0.150508,210.074,-0.150508,195.921
-0.140509,136.097,-0.140509,171.049,-0.140509,75.8675,-0.140509,116.661,-0.140509,124.243,-0.140509,153.335,-0.140509,85.347,-0.140509,128.525,-0.140509,167.506,-0.140509,144.213,-0.140509,119.37,-0.140509,150.607,-0.140509,161.436,-0.140509,206.85,-0.140509,178.655,-0.140509,119.789,-0.140509,81.0078,-0.140509,166.577,-0.140509,140.937,-0.140509,111.301,-0.140509,146.788,-0.140509,141.857,-0.140509,212.758,-0.140509,198.711
-0.130508,138.319,-0.130508,173.901,-0.130508,77.3457,-0.130508,118.783,-0.130508,126.837,-0.130508,156.787,-0.130508,86.8777,-0.130508,131.085,-0.130508,170.363,-0.130508,146.983,-0.130508,121.849,-0.130508,153.535,-0.130508,163.735,-0.130508,209.983,-0.130508,180.991,-0.130508,122.974,-0.130508,82.4908,-0.130508,169.738,-0.130508,143.102,-0.130508,113.838,-0.130508,149.773,-0.130508,144.098,-0.130508,215.443,-0.130508,201.691
-0.120508,140.813,-0.120508,175.98,-0.120508,78.5187,-0.120508,121.258,-0.120508,128.148,-0.120508,159.343,-0.120508,88.6467,-0.120508,133.732,-0.120508,173.429,-0.120508,149.377,-0.120508,124.257,-0.120508,156.544,-0.120508,165.804,-0.120508,212.592,-0.120508,183.495,-0.120508,125.282,-0.120508,83.9833,-0.120508,172.613,-0.120508,145.815,-0.120508,115.722,-0.120508,152.653,-0.120508,145.763,-0.120508,217.369,-0.120508,204.662
-0.110508,142.925,-0.110508,178.579,-0.110508,79.9444,-0.110508,123.485,-0.110508,131.448,-0.110508,162.719,-0.110508,90.7353,-0.110508,136.03,-0.110508,176.418,-0.110508,152.219,-0.110508,126.923,-0.110508,159.119,-0.110508,167.783,-0.110508,215.267,-0.110508,185.679,-0.110508,128.859,-0.110508,85.0466,-0.110508,172.022,-0.110508,148.552,-0.110508,118.316,-0.110508,155.175,-0.110508,147.875,-0.110508,219.754,-0.110508,207.265
-0.100508,145.686,-0.100508,180.91,-0.100508,81.518,-0.100508,126.117,-0.100508,134.619,-0.100508,165.861,-0.100508,92.6951,-0.100508,138.915,-0.100508,179.518,-0.100508,154.865,-0.100508,129.073,-0.100508,162.242,-0.100508,169.714,-0.100508,217.727,-0.100508,188.239,-0.100508,132.058,-0.100508,86.7012,-0.100508,175.956,-0.100508,151.313,-0.100508,120.709,-0.100508,158.055,-0.100508,149.801,-0.100508,221.876,-0.100508,210.455
-0.0905085,148.323,-0.0905085,183.218,-0.0905085,82.5146,-0.0905085,128.692,-0.0905085,136.326,-0.0905085,168.937,-0.0905085,94.4737,-0.0905085,141.514,-0.0905085,182.665,-0.0905085,157.645,-0.0905085,131.772,-0.0905085,165.108,-0.0905085,171.951,-0.0905085,220.211,-0.0905085,190.647,-0.0905085,135.1,-0.0905085,88.2128,-0.0905085,178.998,-0.0905085,154.265,-0.0905085,123.127,-0.0905085,160.669,-0.0905085,151.914,-0.0905085,224.04,-0.0905085,213.307
-0.0805082,150.531,-0.0805082,185.521,-0.0805082,84.0405,-0.0805082,130.747,-0.0805082,139.173,-0.0805082,172.17,-0.0805082,96.1331,-0.0805082,144.084,-0.0805082,185.378,-0.0805082,160.492,-0.0805082,134.299,-0.0805082,167.936,-0.0805082,173.448,-0.0805082,222.591,-0.0805082,192.827,-0.0805082,138.72,-0.0805082,89.6147,-0.0805082,181.034,-0.0805082,156.763,-0.0805082,125.697,-0.0805082,163.501,-0.0805082,154.141,-0.0805082,226.258,-0.0805082,216.454
-0.070508,153.058,-0.070508,187.224,-0.070508,85.2755,-0.070508,133.489,-0.070508,141.624,-0.070508,174.583,-0.070508,98.2074,-0.070508,146.711,-0.070508,188.225,-0.070508,162.981,-0.070508,136.636,-0.070508,170.778,-0.070508,176.333,-0.070508,224.355,-0.070508,195.044,-0.070508,141.614,-0.070508,91.0405,-0.070508,181.153,-0.070508,159.72,-0.070508,127.624,-0.070508,166.147,-0.070508,155.843,-0.070508,227.693,-0.070508,219.644
-0.0605078,155.147,-0.0605078,189.617,-0.0605078,86.7871,-0.0605078,135.863,-0.0605078,144.475,-0.0605078,177.553,-0.0605078,100.177,-0.0605078,148.991,-0.0605078,190.957,-0.0605078,165.861,-0.0605078,139.363,-0.0605078,173.109,-0.0605078,178.054,-0.0605078,226.353,-0.0605078,197.147,-0.0605078,145.19,-0.0605078,92.1801,-0.0605078,183.724,-0.0605078,162.647,-0.0605078,130.222,-0.0605078,168.489,-0.0605078,158.079,-0.0605078,229.958,-0.0605078,222.486
-0.0505075,157.936,-0.0505075,191.792,-0.0505075,88.456,-0.0505075,138.343,-0.0505075,147.455,-0.0505075,180.319,-0.0505075,102.041,-0.0505075,151.847,-0.0505075,194,-0.0505075,168.403,-0.0505075,141.519,-0.0505075,175.87,-0.0505075,180.424,-0.0505075,228.451,-0.0505075,199.598,-0.0505075,148.49,-0.0505075,93.8539,-0.0505075,186.356,-0.0505075,165.527,-0.0505075,132.592,-0.0505075,171.221,-0.0505075,160.082,-0.0505075,231.908,-0.0505075,225.976
-0.0405865,160.635,-0.0405865,194.109,-0.0405865,89.5003,-0.0405865,140.932,-0.0405865,149.763,-0.0405865,183.104,-0.0405865,103.953,-0.0405865,154.384,-0.0405865,197.037,-0.0405865,171.073,-0.0405865,144.218,-0.0405865,178.412,-0.0405865,182.627,-0.0405865,230.449,-0.0405865,202.034,-0.0405865,152.281,-0.0405865,95.2319,-0.0405865,188.025,-0.0405865,168.613,-0.0405865,134.986,-0.0405865,173.677,-0.0405865,162.337,-0.0405865,234.049,-0.0405865,229.095
-0.0305862,162.986,-0.0305862,196.579,-0.0305862,91.1072,-0.0305862,143.016,-0.0305862,152.367,-0.0305862,186.103,-0.0305862,105.503,-0.0305862,156.963,-0.0305862,199.683,-0.0305862,173.948,-0.0305862,146.735,-0.0305862,180.853,-0.0305862,184.372,-0.0305862,232.652,-0.0305862,204.242,-0.0305862,156.062,-0.0305862,96.5957,-0.0305862,189.775,-0.0305862,171.178,-0.0305862,137.57,-0.0305862,176.318,-0.0305862,164.703,-0.0305862,236.352,-0.0305862,232.48
-0.020586,165.628,-0.020586,198.415,-0.020586,92.3995,-0.020586,145.467,-0.020586,154.312,-0.020586,188.43,-0.020586,107.553,-0.020586,159.567,-0.020586,202.487,-0.020586,176.242,-0.020586,149.1,-0.020586,183.256,-0.020586,187.286,-0.020586,233.982,-0.020586,206.54,-0.020586,159.295,-0.020586,98.1025,-0.020586,193.194,-0.020586,174.158,-0.020586,139.406,-0.020586,178.85,-0.020586,166.491,-0.020586,237.936,-0.020586,235.914
-0.0105858,167.907,-0.0105858,200.928,-0.0105858,93.9492,-0.0105858,147.842,-0.0105858,156.949,-0.0105858,191.243,-0.0105858,109.246,-0.0105858,161.808,-0.0105858,205.315,-0.0105858,178.855,-0.0105858,151.818,-0.0105858,185.23,-0.0105858,188.807,-0.0105858,236.448,-0.0105858,208.753,-0.0105858,163.41,-0.0105858,99.1372,-0.0105858,196.136,-0.0105858,177.072,-0.0105858,141.962,-0.0105858,181.163,-0.0105858,168.851,-0.0105858,240.396,-0.0105858,238.985
-0.000585556,170.954,-0.000585556,203.212,-0.000585556,95.6658,-0.000585556,150.297,-0.000585556,159.796,-0.000585556,193.766,-0.000585556,111.101,-0.000585556,164.683,-0.000585556,208.338,-0.000585556,181.225,-0.000585556,154.026,-0.000585556,187.648,-0.000585556,191.639,-0.000585556,238.26,-0.000585556,211.333,-0.000585556,167.316,-0.000585556,100.663,-0.000585556,197.466,-0.000585556,180.1,-0.000585556,144.313,-0.000585556,183.9,-0.000585556,171.035,-0.000585556,242.637,-0.000585556,242.642
0.00941372,173.996,0.00941372,205.754,0.00941372,96.8389,0.00941372,152.062,0.00941372,162.767,0.00941372,196.732,0.00941372,113.075,0.00941372,167.378,0.00941372,211.6,0.00941372,184.138,0.00941372,156.859,0.00941372,189.956,0.00941372,193.928,0.00941372,240.615,0.00941372,213.974,0.00941372,171.354,0.00941372,102.098,0.00941372,200.685,0.00941372,183.275,0.00941372,146.797,0.00941372,186.618,0.00941372,173.462,0.00941372,245.112,0.00941372,246.07
0.0194139,176.662,0.0194139,208.462,0.0194139,98.5364,0.0194139,154.369,0.0194139,165.833,0.0194139,199.722,0.0194139,114.62,0.0194139,170.177,0.0194139,214.394,0.0194139,186.856,0.0194139,159.481,0.0194139,192.25,0.0194139,196.603,0.0194139,243.047,0.0194139,216.33,0.0194139,175.57,0.0194139,103.567,0.0194139,202.997,0.0194139,185.998,0.0194139,149.458,0.0194139,189.35,0.0194139,176.066,0.0194139,247.668,0.0194139,249.737
0.0294142,179.671,0.0294142,210.694,0.0294142,99.9478,0.0294142,157.178,0.0294142,167.707,0.0294142,202.254,0.0294142,116.284,0.0294142,172.928,0.0294142,217.355,0.0294142,189.246,0.0294142,162.032,0.0294142,194.505,0.0294142,199.345,0.0294142,244.797,0.0294142,218.709,0.0294142,178.126,0.0294142,104.974,0.0294142,206.016,0.0294142,189.16,0.0294142,151.466,0.0294142,192.064,0.0294142,178.145,0.0294142,249.446,0.0294142,253.323
0.0394144,182.303,0.0394144,213.383,0.0394144,101.579,0.0394144,159.51,0.0394144,171.04,0.0394144,205.153,0.0394144,118.154,0.0394144,175.369,0.0394144,220.278,0.0394144,191.844,0.0394144,164.884,0.0394144,196.36,0.0394144,201.553,0.0394144,246.986,0.0394144,221.022,0.0394144,183.953,0.0394144,105.932,0.0394144,208.019,0.0394144,192.259,0.0394144,154.16,0.0394144,194.643,0.0394144,180.691,0.0394144,252.102,0.0394144,256.594
0.0494146,185.793,0.0494146,216.096,0.0494146,103.462,0.0494146,162.252,0.0494146,173.777,0.0494146,207.942,0.0494146,120.004,0.0494146,178.564,0.0494146,223.63,0.0494146,194.486,0.0494146,167.387,0.0494146,198.921,0.0494146,204.504,0.0494146,249.141,0.0494146,223.874,0.0494146,188.54,0.0494146,107.677,0.0494146,209.883,0.0494146,195.607,0.0494146,156.792,0.0494146,197.767,0.0494146,183.194,0.0494146,254.649,0.0494146,260.571
0.0594139,189.117,0.0594139,218.972,0.0594139,104.769,0.0594139,164.936,0.0594139,176.199,0.0594139,211.118,0.0594139,121.654,0.0594139,181.502,0.0594139,226.873,0.0594139,197.299,0.0594139,170.353,0.0594139,201.205,0.0594139,206.974,0.0594139,251.406,0.0594139,226.544,0.0594139,191.94,0.0594139,109.117,0.0594139,213.831,0.0594139,199.092,0.0594139,159.515,0.0594139,200.609,0.0594139,185.888,0.0594139,257.271,0.0594139,264.19
0.0694141,192.188,0.0694141,222.276,0.0694141,106.647,0.0694141,167.168,0.0694141,179.537,0.0694141,214.222,0.0694141,123.108,0.0694141,184.544,0.0694141,229.863,0.0694141,200.122,0.0694141,173.248,0.0694141,203.622,0.0694141,210.098,0.0694141,253.933,0.0694141,229.057,0.0694141,198.081,0.0694141,110.548,0.0694141,216.678,0.0694141,202.125,0.0694141,162.466,0.0694141,203.684,0.0694141,188.788,0.0694141,260.046,0.0694141,267.991
0.0794144,195.54,0.0794144,224.98,0.0794144,108.259,0.0794144,169.872,0.0794144,182.522,0.0794144,217.031,0.0794144,124.929,0.0794144,187.648,0.0794144,233.029,0.0794144,202.554,0.0794144,176.051,0.0794144,206.011,0.0794144,212.94,0.0794144,255.76,0.0794144,231.727,0.0794144,201.953,0.0794144,112.079,0.0794144,219.091,0.0794144,205.663,0.0794144,164.765,0.0794144,206.779,0.0794144,191.239,0.0794144,262.311,0.0794144,271.834
0.0894146,198.634,0.0894146,227.898,0.0894146,110.186,0.0894146,172.365,0.0894146,185.95,0.0894146,220.416,0.0894146,126.703,0.0894146,190.6,0.0894146,236.338,0.0894146,205.558,0.0894146,179.246,0.0894146,208.143,0.0894146,215.815,0.0894146,258.387,0.0894146,234.226,0.0894146,207.647,0.0894146,113.333,0.0894146,222.944,0.0894146,209.306,0.0894146,167.845,0.0894146,209.926,0.0894146,194.271,0.0894146,265.368,0.0894146,275.506
0.0993366,202.416,0.0993366,230.921,0.0993366,112.312,0.0993366,175.451,0.0993366,189.474,0.0993366,223.478,0.0993366,128.205,0.0993366,194.081,0.0993366,239.733,0.0993366,208.281,0.0993366,181.997,0.0993366,210.794,0.0993366,219.425,0.0993366,260.881,0.0993366,237.168,0.0993366,213.164,0.0993366,115.097,0.0993366,225.542,0.0993366,213.073,0.0993366,170.82,0.0993366,213.431,0.0993366,197.18,0.0993366,268.262,0.0993366,279.792
0.109337,206.269,0.109337,234.607,0.109337,113.914,0.109337,178.111,0.109337,192.879,0.109337,226.901,0.109337,130.179,0.109337,197.5,0.109337,243.319,0.109337,211.247,0.109337,185.397,0.109337,213.369,0.109337,222.715,0.109337,263.594,0.109337,240.024,0.109337,218.166,0.109337,116.609,0.109337,227.974,0.109337,217.179,0.109337,173.944,0.109337,216.707,0.109337,200.404,0.109337,271.467,0.109337,283.884
0.119336,209.754,0.119336,238.322,0.119336,116.137,0.119336,180.324,0.119336,196.517,0.119336,230.416,0.119336,131.743,0.119336,201.023,0.119336,246.523,0.119336,214.628,0.119336,188.664,0.119336,215.991,0.119336,226.096,0.119336,266.422,0.119336,242.737,0.119336,224.541,0.119336,118.335,0.119336,231.679,0.119336,220.836,0.119336,177.272,0.119336,220.312,0.119336,203.794,0.119336,274.9,0.119336,288.323
0.129336,213.76,0.129336,241.259,0.129336,118.101,0.129336,183.542,0.129336,199.531,0.129336,233.42,0.129336,133.827,0.129336,204.666,0.129336,249.985,0.129336,217.393,0.129336,191.854,0.129336,218.695,0.129336,230.773,0.129336,268.94,0.129336,245.651,0.129336,229.901,0.129336,120.099,0.129336,234.908,0.129336,225.156,0.129336,180.095,0.129336,223.974,0.129336,206.755,0.129336,277.613,0.129336,292.829
0.139337,217.203,0.139337,244.783,0.139337,120.352,0.139337,186.184,0.139337,202.606,0.139337,237.139,0.139337,135.401,0.139337,208.009,0.139337,253.337,0.139337,220.641,0.139337,195.354,0.139337,220.984,0.139337,233.348,0.139337,271.929,0.139337,248.364,0.139337,235.437,0.139337,121.42,0.139337,238.317,0.139337,229.519,0.139337,183.59,0.139337,227.521,0.139337,210.088,0.139337,280.961,0.139337,297.059
0.149337,221.513,0.149337,248.416,0.149337,122.869,0.149337,189.217,0.149337,206.536,0.149337,240.434,0.149337,137.28,0.149337,212.029,0.149337,257.09,0.149337,223.74,0.149337,198.525,0.149337,223.95,0.149337,237.597,0.149337,274.957,0.149337,251.587,0.149337,241.154,0.149337,123.389,0.149337,240.549,0.149337,234.149,0.149337,187.042,0.149337,231.465,0.149337,213.192,0.149337,283.936,0.149337,301.856
0.159337,225.862,0.159337,252.212,0.159337,124.853,0.159337,192.45,0.159337,209.645,0.159337,243.987,0.159337,139.368,0.159337,215.92,0.159337,260.976,0.159337,227.474,0.159337,202.277,0.159337,226.763,0.159337,240.558,0.159337,278.123,0.159337,254.768,0.159337,248.626,0.159337,125.306,0.159337,245.327,0.159337,239.099,0.159337,190.614,0.159337,235.155,0.159337,216.344,0.159337,286.645,0.159337,306.29
0.169336,230.01,0.169336,256.294,0.169336,127.49,0.169336,195.492,0.169336,212.973,0.169336,248.364,0.169336,140.784,0.169336,220.021,0.169336,264.519,0.169336,231.303,0.169336,205.935,0.169336,229.767,0.169336,244.363,0.169336,281.828,0.169336,257.743,0.169336,254.792,0.169336,127.19,0.169336,248.14,0.169336,243.834,0.169336,194.51,0.169336,239.256,0.169336,219.606,0.169336,289.386,0.169336,310.825
0.179337,234.397,0.179337,259.636,0.179337,129.869,0.179337,198.692,0.179337,216.778,0.179337,251.454,0.179337,142.844,0.179337,223.897,0.179337,268.186,0.179337,234.917,0.179337,209.502,0.179337,232.719,0.179337,248.24,0.179337,284.484,0.179337,260.824,0.179337,261.463,0.179337,129.04,0.179337,251.506,0.179337,249.16,0.179337,197.79,0.179337,243.481,0.179337,222.224,0.179337,291.036,0.179337,315.107
0.189337,238.656,0.189337,263.747,0.189337,132.597,0.189337,202.149,0.189337,221.589,0.189337,255.788,0.189337,145.004,0.189337,227.679,0.189337,271.996,0.189337,239.051,0.189337,213.507,0.189337,235.399,0.189337,250.72,0.189337,287.555,0.189337,263.861,0.189337,269.14,0.189337,130.737,0.189337,255.292,0.189337,254.696,0.189337,201.848,0.189337,247.682,0.189337,225.318,0.189337,293.32,0.189337,318.674
0.199337,243.691,0.199337,267.576,0.199337,135.525,0.199337,205.739,0.199337,224.689,0.199337,259.66,0.199337,147.04,0.199337,232.056,0.199337,275.992,0.199337,243.371,0.199337,217.026,0.199337,238.536,0.199337,253.633,0.199337,290.369,0.199337,267.304,0.199337,276.064,0.199337,133.017,0.199337,258.215,0.199337,260.48,0.199337,205.811,0.199337,252.064,0.199337,228.227,0.199337,295.323,0.199337,322.46
0.209337,248.707,0.209337,271.991,0.209337,138,0.209337,209.592,0.209337,228.928,0.209337,263.69,0.209337,149.019,0.209337,236.333,0.209337,280.088,0.209337,247.954,0.209337,221.136,0.209337,241.65,0.209337,256.799,0.209337,292.934,0.209337,270.78,0.209337,283.941,0.209337,135.053,0.209337,262.903,0.209337,266.689,0.209337,209.893,0.209337,256.222,0.209337,231.479,0.209337,297.478,0.209337,325.927
0.219337,253.428,0.219337,276.259,0.219337,141.113,0.219337,213.354,0.219337,234.369,0.219337,267.814,0.219337,150.803,0.219337,240.692,0.219337,283.946,0.219337,253.314,0.219337,225.271,0.219337,244.902,0.219337,261.091,0.219337,295.624,0.219337,274.113,0.219337,291.084,0.219337,137.189,0.219337,266.708,0.219337,272.673,0.219337,214.365,0.219337,260.857,0.219337,235.012,0.219337,300.072,0.219337,329.493
0.229337,258.273,0.229337,279.583,0.229337,143.97,0.229337,217.493,0.229337,238.937,0.229337,271.824,0.229337,153.068,0.229337,245.093,0.229337,288.008,0.229337,258.01,0.229337,229.367,0.229337,248.145,0.229337,263.103,0.229337,297.087,0.229337,277.68,0.229337,299.114,0.229337,139.568,0.229337,270.06,0.229337,279.22,0.229337,218.18,0.229337,265.521,0.229337,238.155,0.229337,302.027,0.229337,333.132
0.239337,262.745,0.239337,283.125,0.239337,147.179,0.239337,219.916,0.239337,243.696,0.239337,276.126,0.239337,155.151,0.239337,249.189,0.239337,291.966,0.239337,263.146,0.239337,233.811,0.239337,251.006,0.239337,267.633,0.239337,299.638,0.239337,281.037,0.239337,307.487,0.239337,141.504,0.239337,273.36,0.239337,285.967,0.239337,222.743,0.239337,270.198,0.239337,241.879,0.239337,304.869,0.239337,336.474
0.249259,267.676,0.249259,286.425,0.249259,150.674,0.249259,226.191,0.249259,247.448,0.249259,280.517,0.249259,157.259,0.249259,254.129,0.249259,296.439,0.249259,267.557,0.249259,237.897,0.249259,254.634,0.249259,271.72,0.249259,301.574,0.249259,284.999,0.249259,314.239,0.249259,144.084,0.249259,276.698,0.249259,293.072,0.249259,227.24,0.249259,275.11,0.249259,245.718,0.249259,307.893,0.249259,340.599
0.259259,272.23,0.259259,289.801,0.259259,153.626,0.259259,228.828,0.259259,252.083,0.259259,284.99,0.259259,159.696,0.259259,258.769,0.259259,300.873,0.259259,272.015,0.259259,242.628,0.259259,258.025,0.259259,276.488,0.259259,304.14,0.259259,288.886,0.259259,325.116,0.259259,146.497,0.259259,281.194,0.259259,300.277,0.259259,231.884,0.259259,279.721,0.259259,249.961,0.259259,311.04,0.259259,344.433
0.269258,276.383,0.269258,293.111,0.269258,157.231,0.269258,233.348,0.269258,257.085,0.269258,289.491,0.269258,161.565,0.269258,263.313,0.269258,305.008,0.269258,276.369,0.269258,247.267,0.269258,261.549,0.269258,281.533,0.269258,306.963,0.269258,292.691,0.269258,333.389,0.269258,149.053,0.269258,284.518,0.269258,307.134,0.269258,236.705,0.269258,284.818,0.269258,254.563,0.269258,314.535,0.269258,348.681
0.279259,280.646,0.279259,296.248,0.279259,160.597,0.279259,237.788,0.279259,261.21,0.279259,293.535,0.279259,164.035,0.279259,267.786,0.279259,309.261,0.279259,279.411,0.279259,251.764,0.279259,265.168,0.279259,286.263,0.279259,309.123,0.279259,296.816,0.279259,341.41,0.279259,151.499,0.279259,287.412,0.279259,314.63,0.279259,240.935,0.279259,290.016,0.279259,258.926,0.279259,317.63,0.279259,353.021
0.289259,284.513,0.289259,300.029,0.289259,164.259,0.289259,241.598,0.289259,267.113,0.289259,297.936,0.289259,166.472,0.289259,271.867,0.289259,313.634,0.289259,282.663,0.289259,256.442,0.289259,268.305,0.289259,291.713,0.289259,312.208,0.289259,300.816,0.289259,352.286,0.289259,153.506,0.289259,292.1,0.289259,322.231,0.289259,245.87,0.289259,294.913,0.289259,264.104,0.289259,321.578,0.289259,357.098
0.299259,289.248,0.299259,303.391,0.299259,168.179,0.299259,245.985,0.299259,271.453,0.299259,302.151,0.299259,168.756,0.299259,276.264,0.299259,318.159,0.299259,286.096,0.299259,260.328,0.299259,272.111,0.299259,297.55,0.299259,315.193,0.299259,305.361,0.299259,360.226,0.299259,156.239,0.299259,295.733,0.299259,330.108,0.299259,250.619,0.299259,299.863,0.299259,269.383,0.299259,325.426,0.299259,362.014
0.309259,293.888,0.309259,307.044,0.309259,171.555,0.309259,249.923,0.309259,275.739,0.309259,306.915,0.309259,171.335,0.309259,280.35,0.309259,322.827,0.309259,289.797,0.309259,264.701,0.309259,275.758,0.309259,303.92,0.309259,318.688,0.309259,310.048,0.309259,369.228,0.309259,158.518,0.309259,300.382,0.309259,338.348,0.309259,255.474,0.309259,304.655,0.309259,275.267,0.309259,329.703,0.309259,366.835
0.319259,298.341,0.319259,311.435,0.319259,175.541,0.319259,253.871,0.319259,281.252,0.319259,311.459,0.319259,173.543,0.319259,284.418,0.319259,327.171,0.319259,293.926,0.319259,268.825,0.319259,279.502,0.319259,310.239,0.319259,322.231,0.319259,314.64,0.319259,381.755,0.319259,160.745,0.319259,304.14,0.319259,346.335,0.319259,260.604,0.319259,310.496,0.319259,281.719,0.319259,334.443,0.319259,372.266
0.329259,303.224,0.329259,315.603,0.329259,179.284,0.329259,258.187,0.329259,285.491,0.329259,315.222,0.329259,176.118,0.329259,288.457,0.329259,331.692,0.329259,297.583,0.329259,272.874,0.329259,283.335,0.329259,317.234,0.329259,325.474,0.329259,319.623,0.329259,390.581,0.329259,163.067,0.329259,309.485,0.329259,355.071,0.329259,265.154,0.329259,315.965,0.329259,288.075,0.329259,338.591,0.329259,377.826
0.339259,307.807,0.339259,320.443,0.339259,183.385,0.339259,262.736,0.339259,289.458,0.339259,319.957,0.339259,178.569,0.339259,292.329,0.339259,336.374,0.339259,302.356,0.339259,277.313,0.339259,286.85,0.339259,324.186,0.339259,329.756,0.339259,324.525,0.339259,396.375,0.339259,165.294,0.339259,314.673,0.339259,364.217,0.339259,270.551,0.339259,321.282,0.339259,295.399,0.339259,343.779,0.339259,383.429
0.349259,313.457,0.349259,325.259,0.349259,187.705,0.349259,267.914,0.349259,294.617,0.349259,323.657,0.349259,181.544,0.349259,296.868,0.349259,341.371,0.349259,307.554,0.349259,281.147,0.349259,290.989,0.349259,332.283,0.349259,333.737,0.349259,330.099,0.349259,410.847,0.349259,167.926,0.349259,318.993,0.349259,373.677,0.349259,275.792,0.349259,326.766,0.349259,302.967,0.349259,349.115,0.349259,389.957
0.35926,319.065,0.35926,330.361,0.35926,191.544,0.35926,273.107,0.35926,299.858,0.35926,328.587,0.35926,183.624,0.35926,301.408,0.35926,346.507,0.35926,313.143,0.35926,285.705,0.35926,294.98,0.35926,340.094,0.35926,338.477,0.35926,335.85,0.35926,421.199,0.35926,170.344,0.35926,323.995,0.35926,383.634,0.35926,281.209,0.35926,332.44,0.35926,311.145,0.35926,354.699,0.35926,396.504
0.369259,324.448,0.369259,335.931,0.369259,196.093,0.369259,278.739,0.369259,305.699,0.369259,333.065,0.369259,186.351,0.369259,306.219,0.369259,351.566,0.369259,319.084,0.369259,290.23,0.369259,299.104,0.369259,348.233,0.369259,343.126,0.369259,341.519,0.369259,432.643,0.369259,173.195,0.369259,329.832,0.369259,393.38,0.369259,286.993,0.369259,339.006,0.369259,319.804,0.369259,360.845,0.369259,403.742
0.379259,330.285,0.379259,341.286,0.379259,200.37,0.379259,284.461,0.379259,309.323,0.379259,337.552,0.379259,189.398,0.379259,311.269,0.379259,356.692,0.379259,324.925,0.379259,294.827,0.379259,303.358,0.379259,357.078,0.379259,348.09,0.379259,347.48,0.379259,443.734,0.379259,176.051,0.379259,334.934,0.379259,403.718,0.379259,292.391,0.379259,345.506,0.379259,328.153,0.379259,366.52,0.379259,411.042
0.389181,335.959,0.389181,347.322,0.389181,205.062,0.389181,290.674,0.389181,313.538,0.389181,342.335,0.389181,191.911,0.389181,316.137,0.389181,361.999,0.389181,331.696,0.389181,300.025,0.389181,307.153,0.389181,365.352,0.389181,353.168,0.389181,353.826,0.389181,455.007,0.389181,178.564,0.389181,342.373,0.389181,414.452,0.389181,298.752,0.389181,351.604,0.389181,337.356,0.389181,373.115,0.389181,418.5
0.399181,342.826,0.399181,353.578,0.399181,210.04,0.399181,297.574,0.399181,320.095,0.399181,347.542,0.399181,194.495,0.399181,321.821,0.399181,368.036,0.399181,338.363,0.399181,304.898,0.399181,311.755,0.399181,375.108,0.399181,358.6,0.399181,360.707,0.399181,468.773,0.399181,181.826,0.399181,348.705,0.399181,425.648,0.399181,305.06,0.399181,358.275,0.399181,346.521,0.399181,379.862,0.399181,426.811
0.409182,349.63,0.409182,360.254,0.409182,214.58,0.409182,304.908,0.409182,324.544,0.409182,352.796,0.409182,197.624,0.409182,327.486,0.409182,374.331,0.409182,346.497,0.409182,310.639,0.409182,316.213,0.409182,384.416,0.409182,364.408,0.409182,367.736,0.409182,478.3,0.409182,185.178,0.409182,355.886,0.409182,437.073,0.409182,311.845,0.409182,365.237,0.409182,356.43,0.409182,386.938,0.409182,435.118
0.419181,356.544,0.419181,367.354,0.419181,219.868,0.419181,312.508,0.419181,332.187,0.419181,358.28,0.419181,199.793,0.419181,333.651,0.419181,380.577,0.419181,355.171,0.419181,316.628,0.419181,321.015,0.419181,395.249,0.419181,370.702,0.419181,374.941,0.419181,492.939,0.419181,188.54,0.419181,361.432,0.419181,448.35,0.419181,319.036,0.419181,372.747,0.419181,366.878,0.419181,394.563,0.419181,444.068
0.429181,364.093,0.429181,373.882,0.429181,224.946,0.429181,320.591,0.429181,339.14,0.429181,363.645,0.429181,202.316,0.429181,340.232,0.429181,387.253,0.429181,363.449,0.429181,322.293,0.429181,325.76,0.429181,405.406,0.429181,376.452,0.429181,382.36,0.429181,502.295,0.429181,191.997,0.429181,369.572,0.429181,460.08,0.429181,325.798,0.429181,380.239,0.429181,376.762,0.429181,401.663,0.429181,453.219
0.439181,371.36,0.439181,381.307,0.439181,230.449,0.439181,329.074,0.439181,346.788,0.439181,373.076,0.439181,205.081,0.439181,346.793,0.439181,394.162,0.439181,372.361,0.439181,328.602,0.439181,330.323,0.439181,414.328,0.439181,382.875,0.439181,389.799,0.439181,496.509,0.439181,195.487,0.439181,377.392,0.439181,472.159,0.439181,333.728,0.439181,387.625,0.439181,387.806,0.439181,409.555,0.439181,462.379
0.449182,379.571,0.449182,388.97,0.449182,236.338,0.449182,338.83,0.449182,354.084,0.449182,377.988,0.449182,207.914,0.449182,354.518,0.449182,401.925,0.449182,382.241,0.449182,334.991,0.449182,335.683,0.449182,425.3,0.449182,389.642,0.449182,398.201,0.449182,520.541,0.449182,199.655,0.449182,385.798,0.449182,484.714,0.449182,341.91,0.449182,395.598,0.449182,399.078,0.449182,417.661,0.449182,472.245
0.459182,388.059,0.459182,397.071,0.459182,241.846,0.459182,348.863,0.459182,362.128,0.459182,384.144,0.459182,211.204,0.459182,362.357,0.459182,410.174,0.459182,392.408,0.459182,342.163,0.459182,341.133,0.459182,435.933,0.459182,396.48,0.459182,406.512,0.459182,537.278,0.459182,203.584,0.459182,394.291,0.459182,497.422,0.459182,350.498,0.459182,404.691,0.459182,411.018,0.459182,426.01,0.459182,482.139
0.469181,396.389,0.469181,405.363,0.469181,248.044,0.469181,358.49,0.469181,370.268,0.469181,391.039,0.469181,213.688,0.469181,370.683,0.469181,418.405,0.469181,403.089,0.469181,349.573,0.469181,346.731,0.469181,448.131,0.469181,403.971,0.469181,414.957,0.469181,548.913,0.469181,207.709,0.469181,402.03,0.469181,509.767,0.469181,359.615,0.469181,413.927,0.469181,423.564,0.469181,434.627,0.469181,492.286
0.479181,405.292,0.479181,413.36,0.479181,254.072,0.479181,370.311,0.479181,376.896,0.479181,397.472,0.479181,216.95,0.479181,379.242,0.479181,427.083,0.479181,413.069,0.479181,357.269,0.479181,352.534,0.479181,458.388,0.479181,410.508,0.479181,423.531,0.479181,560.166,0.479181,212.253,0.479181,411.257,0.479181,522.782,0.479181,368.527,0.479181,423.207,0.479181,436.215,0.479181,442.762,0.479181,502.305
0.489182,414.075,0.489182,422.153,0.489182,260.609,0.489182,381.769,0.489182,383.39,0.489182,406.055,0.489182,220.273,0.489182,387.916,0.489182,436.262,0.489182,425.209,0.489182,365.671,0.489182,358.371,0.489182,469.522,0.489182,418.185,0.489182,432.243,0.489182,577.095,0.489182,216.292,0.489182,420.87,0.489182,535.8,0.489182,378.46,0.489182,432.324,0.489182,449.805,0.489182,451.555,0.489182,512.101
0.499182,423.44,0.499182,431.074,0.499182,267.519,0.499182,394.029,0.499182,393.781,0.499182,412.382,0.499182,223.497,0.499182,397.486,0.499182,446.085,0.499182,436.305,0.499182,373.672,0.499182,364.932,0.499182,481.619,0.499182,425.691,0.499182,441.317,0.499182,588.539,0.499182,220.817,0.499182,429.053,0.499182,549.104,0.499182,388.669,0.499182,441.875,0.499182,464.062,0.499182,460.343,0.499182,522.258
0.509182,433.363,0.509182,440.23,0.509182,273.927,0.509182,406.765,0.509182,404.123,0.509182,419.206,0.509182,226.763,0.509182,407.18,0.509182,456.175,0.509182,447.687,0.509182,382.589,0.509182,371.398,0.509182,492.339,0.509182,433.125,0.509182,450.386,0.509182,600.126,0.509182,225.523,0.509182,439.982,0.509182,562.646,0.509182,399.336,0.509182,452.499,0.509182,478.587,0.509182,469.241,0.509182,531.985
0.519181,442.8,0.519181,449.776,0.519181,281.142,0.519181,419.392,0.519181,412.63,0.519181,429.215,0.519181,230.626,0.519181,417.079,0.519181,466.394,0.519181,459.332,0.519181,391.73,0.519181,378.517,0.519181,504.355,0.519181,441.384,0.519181,459.303,0.519181,612.094,0.519181,230.359,0.519181,450.482,0.519181,575.759,0.519181,410.389,0.519181,463.032,0.519181,493.707,0.519181,478.362,0.519181,541.713
0.529103,452.709,0.529103,458.774,0.529103,288.123,0.529103,432.734,0.529103,421.862,0.529103,437.521,0.529103,234.707,0.529103,427.021,0.529103,476.98,0.529103,470.738,0.529103,401,0.529103,385.555,0.529103,516.297,0.529103,448.431,0.529103,467.986,0.529103,626.113,0.529103,235.098,0.529103,460.128,0.529103,589.159,0.529103,420.808,0.529103,473.217,0.529103,508.651,0.529103,486.655,0.529103,551.106
0.539104,461.973,0.539104,468.42,0.539104,295.547,0.539104,446.033,0.539104,433.125,0.539104,446.81,0.539104,238.598,0.539104,436.911,0.539104,488.362,0.539104,481.662,0.539104,410.589,0.539104,392.355,0.539104,527.98,0.539104,456.332,0.539104,476.57,0.539104,634.601,0.539104,239.027,0.539104,469.86,0.539104,602.796,0.539104,432.347,0.539104,483.741,0.539104,524.451,0.539104,495.824,0.539104,559.928
0.549104,471.792,0.549104,477.995,0.549104,303.148,0.549104,459.666,0.549104,441.546,0.549104,455.727,0.549104,243.367,0.549104,447.859,0.549104,499.61,0.549104,493.578,0.549104,419.869,0.549104,399.813,0.549104,540.378,0.549104,464.1,0.549104,485.3,0.549104,649.717,0.549104,244.664,0.549104,481.066,0.549104,616.386,0.549104,443.711,0.549104,495.419,0.549104,540.997,0.549104,504.798,0.549104,569.274
0.559104,481.872,0.559104,487.704,0.559104,310.396,0.559104,473.537,0.559104,452.942,0.559104,465.721,0.559104,247.754,0.559104,458.831,0.559104,511.207,0.559104,506.52,0.559104,429.987,0.559104,407.538,0.559104,551.154,0.559104,471.968,0.559104,494.017,0.559104,659.969,0.559104,249.609,0.559104,491.28,0.559104,630.405,0.559104,455.694,0.559104,507.164,0.559104,557.591,0.559104,514.295,0.559104,578.096
0.569104,492.234,0.569104,497.565,0.569104,318.235,0.569104,487.289,0.569104,463.728,0.569104,475.597,0.569104,252.169,0.569104,469.922,0.569104,522.735,0.569104,518.729,0.569104,440.149,0.569104,415.296,0.569104,563.409,0.569104,480.542,0.569104,502.138,0.569104,672.128,0.569104,254.458,0.569104,499.806,0.569104,644.042,0.569104,468.015,0.569104,518.92,0.569104,574.949,0.569104,523.831,0.569104,587.108
0.579103,502.538,0.579103,506.825,0.579103,325.798,0.579103,502.328,0.579103,473.918,0.579103,485.296,0.579103,257.572,0.579103,481.357,0.579103,533.702,0.579103,530.221,0.579103,450.334,0.579103,423.507,0.579103,576.57,0.579103,487.604,0.579103,510.098,0.579103,682.762,0.579103,259.446,0.579103,510.373,0.579103,657.918,0.579103,479.655,0.579103,530.316,0.579103,592.163,0.579103,532.653,0.579103,595.787
0.589104,512.149,0.589104,516.297,0.589104,333.604,0.589104,516.345,0.589104,483.67,0.589104,495.438,0.589104,262.96,0.589104,492.506,0.589104,544.765,0.589104,542.619,0.589104,461.211,0.589104,431.489,0.589104,587.728,0.589104,495.753,0.589104,517.823,0.589104,693.396,0.589104,264.243,0.589104,520.589,0.589104,671.89,0.589104,492.367,0.589104,540.807,0.589104,610.282,0.589104,542.38,0.589104,604.131
0.599104,522.735,0.599104,525.453,0.599104,341.72,0.599104,531.365,0.599104,493.421,0.599104,505.275,0.599104,268.515,0.599104,504.221,0.599104,555.875,0.599104,554.54,0.599104,471.568,0.599104,440.225,0.599104,598.934,0.599104,503.368,0.599104,525.786,0.599104,703.028,0.599104,269.464,0.599104,531.651,0.599104,686.147,0.599104,505.442,0.599104,554.826,0.599104,628.498,0.599104,552.156,0.599104,613.096
0.609104,533.13,0.609104,535.132,0.609104,349.163,0.609104,547.292,0.609104,504.951,0.609104,515.487,0.609104,274.228,0.609104,515.582,0.609104,566.556,0.609104,566.89,0.609104,482.239,0.609104,448.779,0.609104,611.331,0.609104,511.291,0.609104,533.32,0.609104,713.47,0.609104,274.123,0.609104,542.38,0.609104,700.024,0.609104,517.966,0.609104,566.986,0.609104,647.619,0.609104,561.978,0.609104,621.297
0.619104,543.668,0.619104,544.669,0.619104,357.226,0.619104,562.074,0.619104,514.438,0.619104,524.928,0.619104,279.835,0.619104,527.694,0.619104,576.904,0.619104,579.097,0.619104,493.159,0.619104,457.725,0.619104,623.682,0.619104,519.588,0.619104,540.711,0.619104,721.148,0.619104,279.74,0.619104,550.63,0.619104,713.995,0.619104,531.318,0.619104,579.193,0.619104,666.12,0.619104,572.183,0.619104,630.31
0.629104,553.777,0.629104,553.538,0.629104,364.737,0.629104,576.856,0.629104,524.213,0.629104,534.56,0.629104,285.987,0.629104,538.852,0.629104,586.584,0.629104,592.02,0.629104,503.835,0.629104,466.542,0.629104,635.793,0.629104,527.074,0.629104,547.864,0.629104,729.969,0.629104,284.861,0.629104,561.835,0.629104,727.919,0.629104,543.763,0.629104,590.589,0.629104,684.383,0.629104,581.72,0.629104,638.75
0.639104,563.934,0.639104,562.885,0.639104,372.571,0.639104,592.163,0.639104,537.278,0.639104,544.002,0.639104,291.885,0.639104,550.01,0.639104,595.834,0.639104,603.893,0.639104,514.962,0.639104,474.772,0.639104,648.286,0.639104,535.752,0.639104,554.683,0.639104,741.699,0.639104,289.525,0.639104,571.42,0.639104,742.081,0.639104,556.924,0.639104,602.272,0.639104,703.314,0.639104,592.115,0.639104,647.047
0.649104,574.71,0.649104,571.945,0.649104,380.62,0.649104,607.278,0.649104,549.438,0.649104,552.918,0.649104,297.598,0.649104,562.264,0.649104,605.276,0.649104,616.672,0.649104,525.596,0.649104,483.698,0.649104,658.491,0.649104,544.574,0.649104,561.931,0.649104,745.657,0.649104,294.965,0.649104,579.526,0.649104,756.243,0.649104,569.942,0.649104,613.859,0.649104,721.958,0.649104,602.51,0.649104,655.916
0.659104,585.63,0.659104,581.434,0.659104,387.911,0.659104,623.586,0.659104,560.882,0.659104,561.931,0.659104,304.412,0.659104,573.137,0.659104,614.097,0.659104,629.356,0.659104,536.706,0.659104,492.515,0.659104,670.555,0.659104,552.537,0.659104,568.798,0.659104,756.243,0.659104,300.411,0.659104,591.257,0.659104,770.262,0.659104,583.055,0.659104,624.54,0.659104,740.698,0.659104,613.191,0.659104,664.308
0.669026,595.31,0.669026,590.446,0.669026,395.45,0.669026,638.273,0.669026,568.511,0.669026,570.276,0.669026,311.025,0.669026,583.913,0.669026,622.156,0.669026,642.278,0.669026,547.244,0.669026,500.907,0.669026,682.046,0.669026,560.405,0.669026,575.235,0.669026,766.733,0.669026,305.413,0.669026,600.507,0.669026,783.041,0.669026,596.263,0.669026,634.41,0.669026,758.436,0.669026,623.443,0.669026,672.414
0.679026,605.752,0.679026,599.315,0.679026,402.912,0.679026,653.341,0.679026,579.097,0.679026,578.763,0.679026,317.386,0.679026,595.548,0.679026,630.786,0.679026,654.914,0.679026,558.259,0.679026,509.765,0.679026,692.728,0.679026,569.274,0.679026,582.483,0.679026,774.696,0.679026,310.692,0.679026,610.139,0.679026,797.108,0.679026,609.09,0.679026,645.854,0.679026,776.651,0.679026,634.124,0.679026,681.427
0.689026,615.242,0.689026,608.804,0.689026,410.451,0.689026,668.218,0.689026,589.874,0.689026,587.442,0.689026,324.863,0.689026,606.658,0.689026,639.37,0.689026,668.647,0.689026,569.322,0.689026,517.537,0.689026,705.793,0.689026,577.19,0.689026,588.872,0.689026,779.655,0.689026,315.818,0.689026,618.675,0.689026,810.507,0.689026,622.346,0.689026,656.869,0.689026,794.58,0.689026,644.948,0.689026,689.867
0.699026,626.066,0.699026,618.246,0.699026,417.937,0.699026,682.809,0.699026,601.461,0.699026,595.357,0.699026,330.657,0.699026,618.484,0.699026,646.999,0.699026,681.76,0.699026,579.717,0.699026,526.025,0.699026,717.19,0.699026,585.678,0.699026,595.643,0.699026,790.337,0.699026,321.382,0.699026,626.543,0.699026,823.859,0.699026,635.03,0.699026,667.169,0.699026,816.563,0.699026,655.677,0.699026,698.784
0.709026,636.127,0.709026,627.878,0.709026,424.556,0.709026,696.781,0.709026,610.998,0.709026,603.464,0.709026,337.514,0.709026,630.071,0.709026,654.724,0.709026,694.874,0.709026,590.541,0.709026,533.988,0.709026,726.393,0.709026,594.118,0.709026,602.224,0.709026,791.195,0.709026,326.637,0.709026,636.699,0.709026,836.876,0.709026,648,0.709026,676.706,0.709026,830.248,0.709026,666.549,0.709026,707.367
0.719027,645.759,0.719027,637.414,0.719027,431.542,0.719027,711.372,0.719027,619.819,0.719027,612.047,0.719027,344.29,0.719027,641.42,0.719027,662.019,0.719027,709.036,0.719027,601.079,0.719027,541.76,0.719027,738.266,0.719027,602.51,0.719027,608.613,0.719027,804.976,0.719027,331.982,0.719027,647.285,0.719027,849.083,0.719027,661.685,0.719027,685.956,0.719027,844.553,0.719027,677.373,0.719027,715.807
0.729026,656.106,0.729026,646.522,0.729026,438.313,0.729026,724.867,0.729026,630.643,0.729026,618.15,0.729026,352.01,0.729026,653.579,0.729026,669.935,0.729026,722.387,0.729026,611.808,0.729026,549.867,0.729026,749.853,0.729026,610.616,0.729026,615.051,0.729026,810.555,0.729026,337.709,0.729026,653.102,0.729026,862.101,0.729026,673.32,0.729026,696.4,0.729026,859.335,0.729026,688.198,0.729026,724.342
0.739026,664.833,0.739026,656.202,0.739026,445.093,0.739026,739.124,0.739026,640.895,0.739026,628.211,0.739026,359.773,0.739026,666.645,0.739026,677.469,0.739026,735.739,0.739026,622.728,0.739026,557.448,0.739026,760.248,0.739026,619.295,0.739026,621.107,0.739026,817.898,0.739026,342.683,0.739026,665.023,0.739026,874.404,0.739026,686.243,0.739026,707.224,0.739026,872.639,0.739026,699.356,0.739026,732.735
0.749026,675.275,0.749026,665.5,0.749026,451.812,0.749026,748.566,0.749026,653.484,0.749026,636.747,0.749026,367.126,0.749026,678.375,0.749026,685.67,0.749026,749.901,0.749026,633.171,0.749026,565.65,0.749026,770.453,0.749026,627.735,0.749026,627.544,0.749026,821.999,0.749026,348.19,0.749026,673.893,0.749026,886.467,0.749026,699.213,0.749026,717.524,0.749026,885.752,0.749026,709.99,0.749026,741.556
0.759027,685.194,0.759027,675.323,0.759027,457.835,0.759027,763.205,0.759027,663.545,0.759027,645.282,0.759027,374.812,0.759027,689.962,0.759027,693.825,0.759027,763.777,0.759027,643.899,0.759027,573.709,0.759027,780.275,0.759027,636.079,0.759027,633.934,0.759027,830.296,0.759027,353.96,0.759027,678.565,0.759027,898.436,0.759027,712.183,0.759027,727.49,0.759027,899.533,0.759027,720.671,0.759027,749.901
0.769027,694.778,0.769027,684.764,0.769027,464.062,0.769027,762.442,0.769027,672.748,0.769027,652.816,0.769027,381.76,0.769027,701.55,0.769027,701.597,0.769027,777.414,0.769027,654.151,0.769027,581.338,0.769027,790.956,0.769027,644.519,0.769027,639.56,0.769027,835.875,0.769027,359.444,0.769027,692.299,0.769027,909.022,0.769027,724.438,0.769027,737.503,0.769027,912.884,0.769027,731.59,0.769027,757.959
0.779026,704.363,0.779026,694.254,0.779026,470.137,0.779026,779.417,0.779026,680.378,0.779026,661.924,0.779026,389.389,0.779026,713.852,0.779026,709.751,0.779026,792.435,0.779026,664.833,0.779026,589.588,0.779026,801.971,0.779026,652.101,0.779026,645.807,0.779026,837.973,0.779026,364.956,0.779026,700.834,0.779026,920.132,0.779026,736.168,0.779026,747.66,0.779026,922.373,0.779026,742.367,0.779026,766.352
0.789026,713.327,0.789026,703.981,0.789026,476.126,0.789026,786.999,0.789026,693.825,0.789026,670.65,0.789026,396.899,0.789026,725.964,0.789026,717.667,0.789026,806.74,0.789026,675.561,0.789026,597.503,0.789026,809.696,0.789026,660.875,0.789026,651.529,0.789026,843.409,0.789026,369.939,0.789026,709.084,0.789026,930.956,0.789026,748.613,0.789026,757.244,0.789026,931.242,0.789026,753.143,0.789026,774.124
0.799026,723.913,0.799026,713.375,0.799026,482.258,0.799026,804.356,0.799026,700.5,0.799026,679.805,0.799026,404.977,0.799026,738.838,0.799026,726.011,0.799026,819.138,0.799026,685.909,0.799026,605.991,0.799026,819.472,0.799026,668.743,0.799026,657.585,0.799026,845.364,0.799026,375.99,0.799026,718.716,0.799026,941.304,0.799026,761.107,0.799026,767.258,0.799026,939.254,0.799026,763.634,0.799026,782.278
0.808949,733.593,0.808949,722.912,0.808949,487.613,0.808949,818.041,0.808949,713.041,0.808949,688.246,0.808949,412.769,0.808949,751.379,0.808949,734.117,0.808949,833.872,0.808949,696.209,0.808949,614.24,0.808949,829.772,0.808949,676.706,0.808949,663.164,0.808949,851.563,0.808949,381.273,0.808949,727.633,0.808949,951.27,0.808949,773.981,0.808949,777.367,0.808949,952.367,0.808949,774.41,0.808949,789.86
0.818949,741.318,0.818949,732.449,0.818949,493.297,0.818949,834.111,0.818949,723.389,0.818949,697.401,0.818949,420.517,0.818949,763.872,0.818949,741.842,0.818949,846.556,0.818949,706.413,0.818949,622.346,0.818949,835.398,0.818949,684.574,0.818949,668.409,0.818949,858.906,0.818949,386.242,0.818949,735.31,0.818949,960.378,0.818949,785.616,0.818949,787.476,0.818949,960.95,0.818949,784.615,0.818949,797.251
0.828948,750.044,0.828948,742.033,0.828948,498.561,0.828948,847.748,0.828948,730.017,0.828948,706.366,0.828948,428.395,0.828948,776.985,0.828948,750.282,0.828948,860.909,0.828948,716.856,0.828948,630.786,0.828948,843.552,0.828948,692.156,0.828948,673.988,0.828948,862.483,0.828948,391.888,0.828948,743.702,0.828948,970.057,0.828948,797.06,0.828948,797.68,0.828948,965.289,0.828948,794.533,0.828948,805.071
0.838948,758.198,0.838948,751.427,0.838948,503.826,0.838948,855.711,0.838948,741.985,0.838948,715.569,0.838948,436.41,0.838948,789.288,0.838948,758.102,0.838948,873.545,0.838948,727.585,0.838948,639.131,0.838948,850.371,0.838948,699.69,0.838948,678.899,0.838948,866.059,0.838948,396.957,0.838948,750.95,0.838948,978.784,0.838948,809.458,0.838948,807.36,0.838948,968.865,0.838948,804.594,0.838948,811.794
0.848948,767.639,0.848948,760.677,0.848948,509.336,0.848948,859.812,0.848948,750.759,0.848948,724.342,0.848948,443.749,0.848948,802.925,0.848948,766.59,0.848948,885.418,0.848948,737.741,0.848948,648,0.848948,859.574,0.848948,706.747,0.848948,684.097,0.848948,870.16,0.848948,402.397,0.848948,758.627,0.848948,987.271,0.848948,820.712,0.848948,817.851,0.848948,972.966,0.848948,814.465,0.848948,818.995
0.858949,776.222,0.858949,770.119,0.858949,513.961,0.858949,873.259,0.858949,762.06,0.858949,734.07,0.858949,450.458,0.858949,815.657,0.858949,775.03,0.858949,898.818,0.858949,748.089,0.858949,656.345,0.858949,866.965,0.858949,714.043,0.858949,688.913,0.858949,869.111,0.858949,407.404,0.858949,767.353,0.858949,995.473,0.858949,832.442,0.858949,827.769,0.858949,975.78,0.858949,823.811,0.858949,825.385
0.868949,784.758,0.868949,778.511,0.868949,518.729,0.868949,883.94,0.868949,770.882,0.868949,743.845,0.868949,458.049,0.868949,828.866,0.868949,783.327,0.868949,912.264,0.868949,757.816,0.868949,664.737,0.868949,870.16,0.868949,720.575,0.868949,692.871,0.868949,877.074,0.868949,413.107,0.868949,774.601,0.868949,1002.53,0.868949,844.315,0.868949,837.782,0.868949,978.545,0.868949,832.776,0.868949,831.297
0.878948,792.53,0.878948,787.523,0.878948,523.45,0.878948,894.717,0.878948,780.18,0.878948,753.048,0.878948,466.985,0.878948,841.979,0.878948,792.053,0.878948,925.568,0.878948,768.021,0.878948,673.845,0.878948,876.406,0.878948,727.394,0.878948,697.401,0.878948,878.552,0.878948,418.414,0.878948,776.794,0.878948,1010.11,0.878948,855.378,0.878948,847.891,0.878948,981.645,0.878948,841.359,0.878948,837.401
0.888948,800.016,0.888948,796.917,0.888948,528.218,0.888948,904.54,0.888948,789.001,0.888948,762.823,0.888948,474.6,0.888948,854.853,0.888948,800.112,0.888948,938.729,0.888948,778.368,0.888948,682.237,0.888948,880.507,0.888948,733.498,0.888948,701.216,0.888948,878.266,0.888948,423.025,0.888948,787.905,0.888948,1017.17,0.888948,866.44,0.888948,858.62,0.888948,982.121,0.888948,849.608,0.888948,842.455
0.898949,807.264,0.898949,806.025,0.898949,532.987,0.898949,912.837,0.898949,793.531,0.898949,771.978,0.898949,482.12,0.898949,867.728,0.898949,808.886,0.898949,952.891,0.898949,788.143,0.898949,691.202,0.898949,884.846,0.898949,739.315,0.898949,704.935,0.898949,886.42,0.898949,428.623,0.898949,794.58,0.898949,1023.7,0.898949,877.837,0.898949,869.015,0.898949,981.931,0.898949,857.333,0.898949,847.605
0.908949,815.753,0.908949,815.228,0.908949,536.944,0.908949,924.138,0.908949,800.732,0.908949,782.135,0.908949,489.835,0.908949,880.793,0.908949,817.326,0.908949,965.766,0.908949,798.109,0.908949,699.976,0.908949,888.804,0.908949,744.989,0.908949,708.559,0.908949,881.27,0.908949,434.374,0.908949,797.871,0.908949,1030.33,0.908949,889.138,0.908949,879.029,0.908949,982.217,0.908949,864.485,0.908949,852.278
0.918949,822.571,0.918949,823.573,0.918949,541.188,0.918949,931.195,0.918949,810.268,0.918949,791.386,0.918949,496.454,0.918949,893.048,0.918949,825.099,0.918949,978.641,0.918949,807.36,0.918949,708.607,0.918949,891.331,0.918949,749.901,0.918949,711.42,0.918949,890.807,0.918949,439.276,0.918949,807.217,0.918949,1035.24,0.918949,900.105,0.918949,888.375,0.918949,980.977,0.918949,870.97,0.918949,856.331
0.928948,830.153,0.928948,831.44,0.928948,545.337,0.928948,939.015,0.928948,818.9,0.928948,808.123,0.928948,504.255,0.928948,906.065,0.928948,833.491,0.928948,991.658,0.928948,816.945,0.928948,717.619,0.928948,896.624,0.928948,754.574,0.928948,714.329,0.928948,892.38,0.928948,444.283,0.928948,813.273,0.928948,1041.06,0.928948,910.023,0.928948,897.482,0.928948,978.831,0.928948,877.408,0.928948,860.575
0.938949,835.255,0.938949,839.404,0.938949,549.438,0.938949,947.646,0.938949,826.958,0.938949,814.608,0.938949,511.338,0.938949,918.225,0.938949,841.836,0.938949,1003.96,0.938949,826.815,0.938949,726.154,0.938949,895.098,0.938949,758.77,0.938949,716.618,0.938949,888.518,0.938949,449.867,0.938949,817.994,0.938949,1046.21,0.938949,920.228,0.938949,909.594,0.938949,976.686,0.938949,883.177,0.938949,863.102
0.948949,841.74,0.948949,847.224,0.948949,553.538,0.948949,947.265,0.948949,835.923,0.948949,821.665,0.948949,519.254,0.948949,931.481,0.948949,850.132,0.948949,1015.45,0.948949,835.78,0.948949,735.262,0.948949,897.149,0.948949,762.632,0.948949,718.906,0.948949,892.333,0.948949,455.236,0.948949,823.811,0.948949,1050.83,0.948949,930.384,0.948949,920.084,0.948949,973.777,0.948949,888.47,0.948949,866.202
0.958871,847.987,0.958871,855.664,0.958871,556.972,0.958871,955.8,0.958871,843.457,0.958871,831.107,0.958871,527.217,0.958871,944.213,0.958871,858.859,0.958871,1025.47,0.958871,845.269,0.958871,744.179,0.958871,895.575,0.958871,765.827,0.958871,720.718,0.958871,895.623,0.958871,460.161,0.958871,830.296,0.958871,1055.94,0.958871,940.494,0.958871,929.764,0.958871,970.677,0.958871,892.523,0.958871,868.348
0.968871,853.232,0.968871,863.675,0.968871,560.786,0.968871,956.563,0.968871,851.944,0.968871,840.262,0.968871,534.226,0.968871,956.658,0.968871,866.726,0.968871,1040.2,0.968871,853.613,0.968871,752.857,0.968871,898.722,0.968871,768.593,0.968871,721.72,0.968871,889.805,0.968871,465.583,0.968871,834.921,0.968871,1059.66,0.968871,950.126,0.968871,938.92,0.968871,967.053,0.968871,895.718,0.968871,869.683
0.978871,859.049,0.978871,871.066,0.978871,564.411,0.978871,963.799,0.978871,859.097,0.978871,849.989,0.978871,541.379,0.978871,969.581,0.978871,875.119,0.978871,1049.98,0.978871,862.626,0.978871,762.06,0.978871,896.052,0.978871,770.691,0.978871,722.816,0.978871,895.48,0.978871,471.091,0.978871,834.54,0.978871,1063.66,0.978871,959.329,0.978871,949.41,0.978871,962.094,0.978871,898.674,0.978871,870.923
0.988871,864.724,0.988871,878.6,0.988871,567.892,0.988871,969.819,0.988871,867.919,0.988871,859.526,0.988871,549.104,0.988871,982.312,0.988871,883.177,0.988871,1058.56,0.988871,871.542,0.988871,770.357,0.988871,891.903,0.988871,772.455,0.988871,723.198,0.988871,897.435,0.988871,475.759,0.988871,842.932,0.988871,1067.29,0.988871,968.818,0.988871,960.235,0.988871,956.944,0.988871,901.106,0.988871,871.161
0.998871,870.78,0.998871,885.609,0.998871,571.516,0.998871,973.014,0.998871,877.789,0.998871,867.585,0.998871,555.493,0.998871,995.139,0.998871,891.57,0.998871,1069.34,0.998871,879.553,0.998871,779.608,0.998871,881.461,0.998871,772.932,0.998871,723.579,0.998871,895.051,0.998871,481.057,0.998871,848.082,0.998871,1070.53,0.998871,977.782,0.998871,969.485,0.998871,950.746,0.998871,902.442,0.998871,871.018
